#{"t_start": 1743693151.637288, "env_id": "SuperMarioBros-v2"}
r,l,t
705.0,109,33.227916
705.0,109,35.599494
705.0,109,37.198958
705.0,109,38.711251
705.0,109,40.342
741.0,80,97.878278
741.0,80,99.052801
741.0,80,100.403821
741.0,80,101.796669
741.0,80,103.216461
680.0,121,160.077916
680.0,121,161.949214
680.0,121,163.753937
680.0,121,165.557001
680.0,121,167.593787
177.0,4051,282.497173
177.0,4051,334.861595
177.0,4051,400.144797
177.0,4051,464.681306
177.0,4051,528.87622
680.0,121,585.29375
680.0,121,587.056394
680.0,121,588.887596
680.0,121,590.797992
680.0,121,592.794478
680.0,121,648.379965
680.0,121,650.027386
680.0,121,651.770566
680.0,121,653.397606
680.0,121,655.132454
732.0,82,709.431106
732.0,82,710.435756
732.0,82,711.539752
732.0,82,712.744807
732.0,82,713.885912
186.0,6016,838.66554
186.0,6016,886.352636
186.0,6016,928.588646
186.0,6016,971.019389
186.0,6016,1013.236052
680.0,121,1041.18077
680.0,121,1042.090599
680.0,121,1043.034123
680.0,121,1043.951546
680.0,121,1044.858427
694.0,111,1072.581116
694.0,111,1073.289736
694.0,111,1074.063626
694.0,111,1074.87226
694.0,111,1075.714742
-87.0,6016,1146.052582
-87.0,6016,1190.064045
-87.0,6016,1233.152506
-87.0,6016,1275.767761
-87.0,6016,1318.123107
752.0,2062,1360.049042
752.0,2062,1375.139187
752.0,2062,1390.262745
752.0,2062,1405.226623
752.0,2062,1420.306997
741.0,80,1448.290942
741.0,80,1448.777567
741.0,80,1449.259302
741.0,80,1449.749431
741.0,80,1450.252193
739.0,81,1478.266095
739.0,81,1478.773953
739.0,81,1479.277522
739.0,81,1479.791095
739.0,81,1480.295877
1803.0,173,1508.700713
1803.0,173,1509.766522
1803.0,173,1510.821717
1803.0,173,1511.996335
1803.0,173,1513.216866
741.0,80,1541.231955
741.0,80,1541.718962
741.0,80,1542.207708
741.0,80,1542.696065
741.0,80,1543.187536
1442.0,2129,1585.241007
1442.0,2129,1600.812289
1442.0,2129,1616.504227
1442.0,2129,1632.074704
1442.0,2129,1647.688546
210.0,6016,1716.968989
210.0,6016,1760.423639
210.0,6016,1803.772968
210.0,6016,33961.231159
210.0,6016,34016.059921
741.0,80,34043.316946
741.0,80,34043.844519
741.0,80,34044.417568
741.0,80,34045.010011
741.0,80,34045.593619
-87.0,6016,34116.778459
-87.0,6016,34161.544476
-87.0,6016,34206.170148
-87.0,6016,34251.027269
-87.0,6016,34295.576623
446.0,2071,34337.732961
446.0,2071,34352.641921
446.0,2071,34367.678541
446.0,2071,34382.692057
446.0,2071,34397.720012
739.0,91,34425.368853
739.0,91,34425.954149
739.0,91,34426.529831
739.0,91,34427.117234
739.0,91,34427.729329
-87.0,6016,34498.445742
-87.0,6016,34542.155068
-87.0,6016,34584.892869
-87.0,6016,34628.545727
-87.0,6016,34670.88698
737.0,83,34698.961709
737.0,83,34699.466709
737.0,83,34699.978783
737.0,83,34700.484859
737.0,83,34700.993485
786.0,6016,34772.408221
786.0,6016,34816.746567
786.0,6016,34861.518626
786.0,6016,34907.698194
786.0,6016,35213.199401
737.0,83,35256.449428
737.0,83,35257.401112
737.0,83,35258.348813
737.0,83,35259.300715
737.0,83,35260.254887
738.0,85,35310.619213
738.0,85,35311.822341
738.0,85,35312.988411
738.0,85,35314.014741
738.0,85,35315.193249
82.0,6016,35445.311302
82.0,6016,35520.021906
82.0,6016,35595.736406
82.0,6016,35671.346843
82.0,6016,35747.256671
-92.0,6016,35826.094279
-92.0,6016,35871.896247
-92.0,6016,35913.748342
-92.0,6016,35956.01311
-92.0,6016,35998.353908
196.0,6016,36068.26918
196.0,6016,36112.027889
196.0,6016,36155.850151
196.0,6016,36200.256962
196.0,6016,36278.837133
737.0,91,36331.380764
737.0,91,36332.613411
737.0,91,36333.849426
737.0,91,36335.083024
737.0,91,36336.302864
704.0,105,36391.00004
704.0,105,36392.370806
704.0,105,36393.823888
704.0,105,36395.243286
704.0,105,36396.687679
709.0,101,36449.015161
709.0,101,36450.379629
709.0,101,36451.897737
709.0,101,36453.252693
709.0,101,36454.630721
402.0,6016,36586.220058
402.0,6016,36666.176695
402.0,6016,36745.341511
402.0,6016,36825.756721
402.0,6016,36906.309211
737.0,91,36956.545504
737.0,91,36957.833331
737.0,91,36959.093134
737.0,91,36960.353652
737.0,91,36961.92622
466.0,6016,37092.027142
466.0,6016,37171.09583
466.0,6016,37249.39896
466.0,6016,37327.63899
466.0,6016,37406.919799
737.0,84,37459.437708
737.0,84,37460.725994
737.0,84,37461.969837
737.0,84,37463.164965
737.0,84,37464.345281
741.0,85,37515.961137
741.0,85,37517.632781
741.0,85,37518.805146
741.0,85,37520.011081
741.0,85,37521.129933
735.0,91,37572.854028
735.0,91,37574.044091
735.0,91,37575.196481
735.0,91,37576.444252
735.0,91,37578.208628
357.0,4041,37681.827094
357.0,4041,37734.992441
357.0,4041,37787.883187
357.0,4041,37841.0104
357.0,4041,37894.073062
1090.0,123,37946.859388
1090.0,123,37948.474524
1090.0,123,37950.154712
1090.0,123,37951.765311
1090.0,123,37953.561903
82.0,6016,38084.20203
82.0,6016,38161.88535
82.0,6016,38240.446976
82.0,6016,38318.880817
82.0,6016,38397.705474
1098.0,124,38450.609228
1098.0,124,38452.428096
1098.0,124,38454.188764
1098.0,124,38455.875002
1098.0,124,38457.590664
68.0,6016,38588.069969
68.0,6016,38666.267752
68.0,6016,38745.195979
68.0,6016,38822.846118
68.0,6016,38901.230015
737.0,91,38955.883907
737.0,91,38957.184531
737.0,91,38958.564751
737.0,91,38959.805976
737.0,91,38961.042091
737.0,83,39013.642552
737.0,83,39014.818079
737.0,83,39015.997613
737.0,83,39017.081896
737.0,83,39018.395077
735.0,87,39072.409641
735.0,87,39073.62055
735.0,87,39074.770558
735.0,87,39076.005137
735.0,87,39077.178712
196.0,6016,39207.950098
196.0,6016,39286.646215
196.0,6016,39365.194323
196.0,6016,39443.841838
196.0,6016,39522.940286
530.0,6016,39654.514225
530.0,6016,39734.298835
530.0,6016,39813.80143
530.0,6016,39893.512468
530.0,6016,39973.555279
735.0,89,40025.979774
735.0,89,40027.17658
735.0,89,40028.377532
735.0,89,40029.608501
735.0,89,40030.777612
1805.0,177,40084.259095
1805.0,177,40086.545696
1805.0,177,40088.88996
1805.0,177,40091.348451
1805.0,177,40093.786816
242.0,6016,40221.454818
242.0,6016,40300.813547
242.0,6016,40379.349475
242.0,6016,40458.078837
242.0,6016,40537.440679
402.0,6016,40667.890399
402.0,6016,40747.537151
402.0,6016,40827.750505
402.0,6016,40907.119346
402.0,6016,40987.468288
82.0,6016,41117.369083
82.0,6016,41196.429233
82.0,6016,41274.568721
82.0,6016,41354.210493
82.0,6016,41432.345914
242.0,6016,41561.964575
242.0,6016,41641.064068
242.0,6016,41721.161782
242.0,6016,41800.361588
242.0,6016,41880.046959
-92.0,6016,42008.950444
-92.0,6016,42087.211845
-92.0,6016,42165.079127
-92.0,6016,42243.987743
-92.0,6016,42322.190618
402.0,6016,42452.575343
402.0,6016,42532.593119
402.0,6016,42612.014008
402.0,6016,42691.478864
402.0,6016,42770.402559
716.0,101,42822.089396
716.0,101,42823.410546
716.0,101,42824.752313
716.0,101,42826.133027
716.0,101,42827.493016
903.0,4085,42932.54331
903.0,4085,42986.452399
903.0,4085,43040.435841
903.0,4085,43093.800032
903.0,4085,43147.974164
352.0,6016,43276.924029
352.0,6016,43355.087203
352.0,6016,43433.912168
352.0,6016,43513.581397
352.0,6016,43592.5771
187.0,4041,43695.934676
187.0,4041,43748.681446
187.0,4041,43800.849388
187.0,4041,43847.95181
187.0,4041,43880.433812
73.0,6016,43985.665246
73.0,6016,44068.74122
73.0,6016,44149.542193
73.0,6016,44231.533764
73.0,6016,44315.09471
402.0,6016,44452.185549
402.0,6016,44534.288784
402.0,6016,44618.356888
402.0,6016,44700.987696
402.0,6016,44784.851047
867.0,4071,44891.681403
867.0,4071,44949.934455
867.0,4071,45006.547776
867.0,4071,45063.57036
867.0,4071,45122.921183
690.0,99,45176.336889
690.0,99,45177.864898
690.0,99,45179.512907
690.0,99,45181.12717
690.0,99,45182.79133
505.0,4042,45291.347898
505.0,4042,45342.664198
505.0,4042,45384.81167
505.0,4042,45415.12678
505.0,4042,45444.716918
82.0,6016,45518.646506
82.0,6016,45564.459597
82.0,6016,45610.86006
82.0,6016,45656.385368
82.0,6016,45703.060049
724.0,96,45732.744026
724.0,96,45733.373874
724.0,96,45734.00676
724.0,96,45734.651162
724.0,96,45735.275493
1068.0,4070,45795.501952
1068.0,4070,45827.120054
1068.0,4070,45858.334808
1068.0,4070,45889.382176
1068.0,4070,45920.004959
402.0,6016,45993.853054
402.0,6016,46039.728095
402.0,6016,46083.862851
402.0,6016,46128.571793
402.0,6016,46175.368174
242.0,6016,46248.864136
242.0,6016,46295.250835
242.0,6016,46341.804676
242.0,6016,46388.398204
242.0,6016,46434.426946
402.0,6016,46508.282037
402.0,6016,46553.508762
402.0,6016,46598.955861
402.0,6016,46644.435812
402.0,6016,46690.800903
1161.0,2153,46735.745856
1161.0,2153,46752.639816
1161.0,2153,46769.072725
1161.0,2153,46785.633058
1161.0,2153,46801.25488
402.0,6016,46874.924552
402.0,6016,46920.552419
402.0,6016,46966.038939
402.0,6016,47011.453375
402.0,6016,47056.940818
-87.0,6016,47128.454215
-87.0,6016,47173.384263
-87.0,6016,47217.934087
-87.0,6016,47261.956101
-87.0,6016,47305.975265
179.0,4046,47363.90818
179.0,4046,47394.538891
179.0,4046,47424.551955
179.0,4046,47454.216218
179.0,4046,47484.907583
1796.0,221,47513.445795
1796.0,221,47515.18719
1796.0,221,47516.948005
1796.0,221,47518.680885
1796.0,221,47520.46764
82.0,6016,47593.047347
82.0,6016,47637.310643
82.0,6016,47681.822164
82.0,6016,47726.395137
82.0,6016,47771.1365
402.0,6016,47844.601296
402.0,6016,47892.238639
402.0,6016,47938.416761
402.0,6016,47983.484029
402.0,6016,48029.336242
1558.0,188,48057.654412
1558.0,188,48058.882044
1558.0,188,48060.23683
1558.0,188,48061.705874
1558.0,188,48063.261342
2037.0,224,48092.218771
2037.0,224,48093.769843
2037.0,224,48095.528971
2037.0,224,48097.360898
2037.0,224,48099.058008
1507.0,4159,48158.84821
1507.0,4159,48189.919272
1507.0,4159,48220.846388
1507.0,4159,48252.307177
1507.0,4159,48284.037685
2115.0,252,48314.660862
2115.0,252,48316.34298
2115.0,252,48318.348899
2115.0,252,48320.423322
2115.0,252,48322.688536
402.0,6016,48398.060766
402.0,6016,48444.570951
402.0,6016,48492.102438
402.0,6016,48538.309084
402.0,6016,48583.486238
1803.0,173,48612.812429
1803.0,173,48613.945341
1803.0,173,48615.034147
1803.0,173,48616.134611
1803.0,173,48617.358348
1813.0,177,48645.074715
1813.0,177,48646.474308
1813.0,177,48647.834711
1813.0,177,48649.253409
1813.0,177,48650.624356
998.0,4076,48709.806849
998.0,4076,48740.757008
998.0,4076,48771.426285
998.0,4076,48802.296601
998.0,4076,48832.303166
1113.0,4078,48890.643883
1113.0,4078,48920.809393
1113.0,4078,48952.438834
1113.0,4078,48984.843568
1113.0,4078,49015.965003
370.0,6016,49088.058831
370.0,6016,49132.250067
370.0,6016,49177.748136
370.0,6016,49222.915313
370.0,6016,49267.791744
780.0,6016,49342.394883
780.0,6016,49390.432498
780.0,6016,49438.147702
780.0,6016,49483.324883
780.0,6016,49531.876262
844.0,4068,49590.997114
844.0,4068,49622.774429
844.0,4068,49654.800038
844.0,4068,49686.069994
844.0,4068,49716.162645
-87.0,6016,49789.357197
-87.0,6016,49834.473611
-87.0,6016,49877.87444
-87.0,6016,49923.967274
-87.0,6016,49972.284231
352.0,6016,50047.337792
352.0,6016,50093.073822
352.0,6016,50139.05474
352.0,6016,50183.854208
352.0,6016,50228.648121
402.0,6016,50300.866033
402.0,6016,50346.671374
402.0,6016,50392.254565
402.0,6016,50437.878189
402.0,6016,50484.332159
498.0,6016,50559.216095
498.0,6016,50606.382993
498.0,6016,50652.553286
498.0,6016,50697.214812
498.0,6016,50744.439809
370.0,6016,50818.717997
370.0,6016,50865.375944
370.0,6016,50911.255184
370.0,6016,50957.798954
370.0,6016,51005.295261
692.0,4077,51063.846078
692.0,4077,51094.643738
692.0,4077,51124.698291
692.0,4077,51154.747542
692.0,4077,51184.491614
1443.0,2122,51229.18841
1443.0,2122,51246.021801
1443.0,2122,51262.230754
1443.0,2122,51279.283999
1443.0,2122,51295.659051
780.0,6016,51370.005217
780.0,6016,51419.051408
780.0,6016,51466.509939
780.0,6016,51515.034236
780.0,6016,51564.113404
838.0,4077,51626.108696
838.0,4077,51657.918814
838.0,4077,51689.654812
838.0,4077,51721.813178
838.0,4077,51753.103903
1522.0,2177,51798.81922
1522.0,2177,51816.013829
1522.0,2177,51833.300231
1522.0,2177,51850.249963
1522.0,2177,51866.610576
402.0,6016,51939.401485
402.0,6016,51985.89233
402.0,6016,52031.460161
402.0,6016,52076.179545
402.0,6016,52126.972685
1282.0,4121,52231.334941
1282.0,4121,52284.180418
1282.0,4121,52336.898638
1282.0,4121,52393.773828
1282.0,4121,52449.645
1731.0,2181,52533.382983
1731.0,2181,52562.674019
1731.0,2181,52592.582019
1731.0,2181,52622.765132
1731.0,2181,52651.38102
3432.0,529,52710.89337
3432.0,529,52718.394723
3432.0,529,52726.036174
3432.0,529,52733.323903
3432.0,529,52740.354475
1019.0,4082,52849.290291
1019.0,4082,52897.231853
1019.0,4082,52951.091095
1019.0,4082,53004.05728
1019.0,4082,53058.830343
904.0,4083,53166.938395
904.0,4083,53220.723367
904.0,4083,53274.329714
904.0,4083,53322.080232
904.0,4083,53372.581579
1737.0,2290,53454.058244
1737.0,2290,53481.839185
1737.0,2290,53509.635642
1737.0,2290,53538.647388
1737.0,2290,53567.988182
242.0,6016,53686.938044
242.0,6016,53730.680009
242.0,6016,53788.835049
242.0,6016,53861.885342
242.0,6016,53933.554221
1567.0,180,53992.854891
1567.0,180,53995.275825
1567.0,180,53997.661347
1567.0,180,54000.087679
1567.0,180,54002.515182
3138.0,343,54061.844549
3138.0,343,54066.322051
3138.0,343,54070.285613
3138.0,343,54074.567798
3138.0,343,54078.949629
1836.0,215,54131.619472
1836.0,215,54134.300087
1836.0,215,54136.957743
1836.0,215,54139.578137
1836.0,215,54142.383848
2077.0,280,54194.08893
2077.0,280,54197.462214
2077.0,280,54200.89349
2077.0,280,54204.274278
2077.0,280,54207.63431
1828.0,205,54261.155099
1828.0,205,54263.649811
1828.0,205,54266.164898
1828.0,205,54268.771151
1828.0,205,54271.403083
1802.0,2038,54349.522098
1802.0,2038,54374.253154
1802.0,2038,54400.166512
1802.0,2038,54426.753752
1802.0,2038,54452.512192
1466.0,2141,54529.528279
1466.0,2141,54557.574938
1466.0,2141,54586.501062
1466.0,2141,54613.135656
1466.0,2141,54641.839501
875.0,4080,54747.973113
875.0,4080,54798.5276
875.0,4080,54847.652613
875.0,4080,54896.95054
875.0,4080,54947.577575
1891.0,210,54986.02587
1891.0,210,54987.499815
1891.0,210,54988.869724
1891.0,210,54990.374258
1891.0,210,54991.981189
1879.0,204,55040.470173
1879.0,204,55041.947253
1879.0,204,55043.521431
1879.0,204,55045.146912
1879.0,204,55046.963323
1887.0,205,55089.138797
1887.0,205,55090.717045
1887.0,205,55092.345267
1887.0,205,55093.943867
1887.0,205,55095.549798
1895.0,218,55125.771294
1895.0,218,55127.438179
1895.0,218,55129.256753
1895.0,218,55131.137133
1895.0,218,55132.949627
1516.0,2144,55182.107526
1516.0,2144,55198.765942
1516.0,2144,55215.138563
1516.0,2144,55232.110523
1516.0,2144,55248.511152
1617.0,166,55276.919532
1617.0,166,55278.01769
1617.0,166,55279.265569
1617.0,166,55280.52958
1617.0,166,55281.96378
1821.0,199,55311.264985
1821.0,199,55312.593915
1821.0,199,55314.049601
1821.0,199,55315.541556
1821.0,199,55317.030968
1733.0,183,55345.703114
1733.0,183,55346.858826
1733.0,183,55348.072968
1733.0,183,55349.377095
1733.0,183,55350.833003
1894.0,212,55383.320381
1894.0,212,55386.281788
1894.0,212,55389.207865
1894.0,212,55392.23601
1894.0,212,55395.040759
1142.0,2108,55446.512735
1142.0,2108,55462.636483
1142.0,2108,55478.717381
1142.0,2108,55494.71812
1142.0,2108,55510.832972
1982.0,2191,55553.68786
1982.0,2191,55570.334807
1982.0,2191,55586.893465
1982.0,2191,55603.436014
1982.0,2191,55619.990382
1528.0,165,55648.371925
1528.0,165,55649.480814
1528.0,165,55650.73089
1528.0,165,55652.018582
1528.0,165,55653.333991
1566.0,172,55682.622507
1566.0,172,55683.728668
1566.0,172,55684.997351
1566.0,172,55686.335673
1566.0,172,55687.65063
2305.0,284,55717.19301
2305.0,284,55719.378693
2305.0,284,55721.53871
2305.0,284,55723.797763
2305.0,284,55725.788791
1618.0,177,55754.965517
1618.0,177,55756.08751
1618.0,177,55757.321698
1618.0,177,55758.672472
1618.0,177,55760.069837
1624.0,163,55789.476323
1624.0,163,55790.568232
1624.0,163,55791.646791
1624.0,163,55792.870646
1624.0,163,55794.182517
1571.0,187,55823.580002
1571.0,187,55824.770229
1571.0,187,55826.04044
1571.0,187,55827.408554
1571.0,187,55828.81318
1513.0,2153,55871.769078
1513.0,2153,55887.751275
1513.0,2153,55903.682308
1513.0,2153,55919.613797
1513.0,2153,55935.408998
1898.0,221,55964.758534
1898.0,221,55966.21063
1898.0,221,55967.631852
1898.0,221,55969.251438
1898.0,221,55970.989608
1612.0,178,55998.931858
1612.0,178,56000.188424
1612.0,178,56001.522085
1612.0,178,56002.861113
1612.0,178,56004.176387
1896.0,217,56032.691708
1896.0,217,56034.273043
1896.0,217,56035.939196
1896.0,217,56037.601141
1896.0,217,56039.304008
2225.0,4180,56097.616573
2225.0,4180,56128.277784
2225.0,4180,56159.026317
2225.0,4180,56189.578479
2225.0,4180,56220.332657
1618.0,168,56249.641288
1618.0,168,56250.765855
1618.0,168,56251.978624
1618.0,168,56253.269621
1618.0,168,56254.546027
1954.0,2033,56296.379501
1954.0,2033,56311.534787
1954.0,2033,56326.862081
1954.0,2033,56341.990936
1954.0,2033,56357.094757
658.0,6016,56428.988291
658.0,6016,56472.874256
658.0,6016,56516.940558
658.0,6016,56580.418521
658.0,6016,56658.388624
610.0,2068,56710.743398
610.0,2068,56726.869417
610.0,2068,56742.934501
610.0,2068,56758.868042
610.0,2068,56774.324266
1881.0,205,56804.137073
1881.0,205,56805.523969
1881.0,205,56806.969103
1881.0,205,56808.57772
1881.0,205,56810.275062
1615.0,167,56839.690166
1615.0,167,56840.72271
1615.0,167,56841.799029
1615.0,167,56842.909248
1615.0,167,56844.161867
1618.0,165,56872.182321
1618.0,165,56873.324323
1618.0,165,56874.537342
1618.0,165,56875.762661
1618.0,165,56877.012739
1688.0,180,56906.340928
1688.0,180,56907.530474
1688.0,180,56908.858792
1688.0,180,56910.224198
1688.0,180,56911.611884
2507.0,397,56941.968879
2507.0,397,56944.912767
2507.0,397,56948.080316
2507.0,397,56951.212872
2507.0,397,56954.197064
786.0,6016,57027.981053
786.0,6016,57074.77251
786.0,6016,57121.075679
786.0,6016,57166.875564
786.0,6016,57211.144471
658.0,6016,57282.24691
658.0,6016,57327.467584
658.0,6016,57374.580719
658.0,6016,57421.350442
658.0,6016,57465.428469
1885.0,199,57495.53937
1885.0,199,57496.82034
1885.0,199,57498.1595
1885.0,199,57499.749185
1885.0,199,57501.439579
1693.0,178,57533.22073
1693.0,178,57534.389372
1693.0,178,57535.546917
1693.0,178,57536.747366
1693.0,178,57538.14117
1541.0,173,57567.224159
1541.0,173,57568.326914
1541.0,173,57569.434052
1541.0,173,57570.621207
1541.0,173,57571.882541
1686.0,4158,57630.776954
1686.0,4158,57662.234376
1686.0,4158,57693.385476
1686.0,4158,57723.934346
1686.0,4158,57756.032749
1903.0,211,57785.400623
1903.0,211,57786.848221
1903.0,211,57788.475999
1903.0,211,57790.12831
1903.0,211,57791.713093
402.0,6016,57864.507584
402.0,6016,57908.087639
402.0,6016,57956.271308
402.0,6016,58002.881138
402.0,6016,58048.738471
1880.0,194,58078.628035
1880.0,194,58079.987504
1880.0,194,58081.399943
1880.0,194,58082.972137
1880.0,194,58084.519048
1618.0,167,58123.609573
1618.0,167,58125.911811
1618.0,167,58127.750074
1618.0,167,58128.979136
1618.0,167,58130.22328
1622.0,164,58159.201491
1622.0,164,58160.26054
1622.0,164,58161.326191
1622.0,164,58162.519632
1622.0,164,58163.784892
1133.0,4082,58220.880155
1133.0,4082,58252.927783
1133.0,4082,58285.114484
1133.0,4082,58316.907811
1133.0,4082,58346.85747
1703.0,178,58377.372299
1703.0,178,58378.471241
1703.0,178,58379.569916
1703.0,178,58380.67746
1703.0,178,58381.933802
1619.0,166,58414.579308
1619.0,166,58416.799402
1619.0,166,58419.085423
1619.0,166,58421.207732
1619.0,166,58423.536664
1623.0,165,58479.075529
1623.0,165,58481.80056
1623.0,165,58484.521528
1623.0,165,58487.188615
1623.0,165,58489.719484
2171.0,2185,58572.380666
2171.0,2185,58604.71608
2171.0,2185,58638.329371
2171.0,2185,58673.59755
2171.0,2185,58705.586295
1099.0,4070,58815.776254
1099.0,4070,58885.21751
1099.0,4070,58945.358157
1099.0,4070,59001.275407
1099.0,4070,59056.475048
1886.0,207,59110.23937
1886.0,207,59113.522218
1886.0,207,59116.789547
1886.0,207,59120.117181
1886.0,207,59123.299788
1878.0,195,59178.821003
1878.0,195,59182.40588
1878.0,195,59186.052778
1878.0,195,59189.995975
1878.0,195,59193.285521
1616.0,171,59251.23206
1616.0,171,59254.054781
1616.0,171,59256.629723
1616.0,171,59259.472727
1616.0,171,59262.261963
1530.0,160,59319.498127
1530.0,160,59321.668904
1530.0,160,59324.01821
1530.0,160,59326.064013
1530.0,160,59328.219904
1533.0,5630,59455.660069
1533.0,5630,59545.567618
1533.0,5630,59635.173988
1533.0,5630,59726.373101
1533.0,5630,59817.959527
1883.0,280,59876.858067
1883.0,280,59881.378327
1883.0,280,59885.947912
1883.0,280,59890.320329
1883.0,280,59894.673002
1457.0,2170,59976.126608
1457.0,2170,60007.268838
1457.0,2170,60045.053175
1457.0,2170,60081.572825
1457.0,2170,60115.35346
1870.0,204,60173.533732
1870.0,204,60177.211435
1870.0,204,60180.650151
1870.0,204,60184.260036
1870.0,204,60187.445188
402.0,6016,60344.137542
402.0,6016,60441.455258
402.0,6016,60539.229303
402.0,6016,60635.254314
402.0,6016,60733.087252
1607.0,216,60788.364358
1607.0,216,60791.680677
1607.0,216,60795.273102
1607.0,216,60798.735506
1607.0,216,60802.26744
2935.0,2150,60889.93889
2935.0,2150,60924.330548
2935.0,2150,60957.331804
2935.0,2150,60991.677112
2935.0,2150,61027.305428
1617.0,171,61082.748888
1617.0,171,61085.262921
1617.0,171,61087.779222
1617.0,171,61090.521344
1617.0,171,61093.138887
1884.0,224,61150.898933
1884.0,224,61154.472774
1884.0,224,61158.224822
1884.0,224,61161.891534
1884.0,224,61165.525413
1896.0,189,61222.207347
1896.0,189,61225.02217
1896.0,189,61228.165164
1896.0,189,61231.070173
1896.0,189,61234.237377
2172.0,4024,61353.331095
2172.0,4024,61417.592688
2172.0,4024,61481.608694
2172.0,4024,61545.910177
2172.0,4024,61613.432431
1899.0,222,61669.004676
1899.0,222,61672.437256
1899.0,222,61675.815088
1899.0,222,61679.115843
1899.0,222,61682.510326
1734.0,2158,61772.560162
1734.0,2158,61806.812287
1734.0,2158,61842.164343
1734.0,2158,61876.790451
1734.0,2158,61910.501174
1539.0,178,61971.961245
1539.0,178,61974.91056
1539.0,178,61977.751103
1539.0,178,61980.609393
1539.0,178,61983.519077
1556.0,213,62045.902468
1556.0,213,62049.266222
1556.0,213,62052.846161
1556.0,213,62056.566274
1556.0,213,62060.323563
1531.0,2139,62148.603228
1531.0,2139,62183.354505
1531.0,2139,62220.176399
1531.0,2139,62254.102865
1531.0,2139,62288.235544
1125.0,4079,62412.640561
1125.0,4079,62478.243463
1125.0,4079,62540.980178
1125.0,4079,62609.092692
1125.0,4079,62672.200445
774.0,6016,62821.56017
774.0,6016,62914.804009
774.0,6016,63011.025566
774.0,6016,63109.292661
774.0,6016,63208.542308
1686.0,4126,63326.319197
1686.0,4126,63390.828439
1686.0,4126,63457.372273
1686.0,4126,63524.002594
1686.0,4126,63591.455557
1993.0,2043,63679.935448
1993.0,2043,63712.136469
1993.0,2043,63743.70874
1993.0,2043,63775.77633
1993.0,2043,63807.722714
2126.0,2035,63893.634781
2126.0,2035,63925.704263
2126.0,2035,63957.494809
2126.0,2035,63990.152905
2126.0,2035,64022.553443
1871.0,2034,64112.772685
1871.0,2034,64146.102391
1871.0,2034,64177.380805
1871.0,2034,64209.315372
1871.0,2034,64244.172321
1879.0,2172,64331.985845
1879.0,2172,64368.088958
1879.0,2172,64403.418822
1879.0,2172,64437.467599
1879.0,2172,64473.450721
1870.0,230,64529.371858
1870.0,230,64533.299011
1870.0,230,64536.948735
1870.0,230,64540.693227
1870.0,230,64544.250354
2450.0,254,64600.444476
2450.0,254,64603.671718
2450.0,254,64607.124899
2450.0,254,64611.025806
2450.0,254,64615.119347
2663.0,4172,64727.494794
2663.0,4172,64782.894836
2663.0,4172,64820.204567
2663.0,4172,64851.319625
2663.0,4172,64883.166356
2159.0,2209,64928.529159
2159.0,2209,64945.398273
2159.0,2209,64961.759673
2159.0,2209,64978.156087
2159.0,2209,64994.503958
1583.0,167,65023.862036
1583.0,167,65025.067984
1583.0,167,65026.302954
1583.0,167,65027.749954
1583.0,167,65029.170823
1880.0,201,65058.100574
1880.0,201,65059.558873
1880.0,201,65061.055535
1880.0,201,65062.571639
1880.0,201,65064.088092
1878.0,200,65094.960714
1878.0,200,65096.581446
1878.0,200,65098.179801
1878.0,200,65099.694512
1878.0,200,65101.466515
1531.0,163,65131.658751
1531.0,163,65132.712959
1531.0,163,65133.95316
1531.0,163,65135.2082
1531.0,163,65136.531659
1889.0,206,65166.788134
1889.0,206,65168.17898
1889.0,206,65169.745058
1889.0,206,65171.497972
1889.0,206,65173.211689
1844.0,208,65204.983528
1844.0,208,65206.286729
1844.0,208,65207.611706
1844.0,208,65209.171762
1844.0,208,65210.786865
2060.0,2847,65261.378754
2060.0,2847,65282.180239
2060.0,2847,65303.137072
2060.0,2847,65325.67113
2060.0,2847,65348.617732
1605.0,171,65380.563709
1605.0,171,65381.654197
1605.0,171,65382.773235
1605.0,171,65383.928733
1605.0,171,65385.208189
780.0,6016,65459.287837
780.0,6016,65513.719967
780.0,6016,65565.31432
780.0,6016,65610.649146
780.0,6016,65655.158873
1802.0,203,65685.340098
1802.0,203,65686.830191
1802.0,203,65688.363484
1802.0,203,65690.036403
1802.0,203,65691.762165
1657.0,177,65721.69202
1657.0,177,65722.801545
1657.0,177,65724.114796
1657.0,177,65725.464292
1657.0,177,65726.894422
1968.0,202,65755.915253
1968.0,202,65757.229793
1968.0,202,65758.723212
1968.0,202,65760.315096
1968.0,202,65762.002259
1808.0,194,65794.392903
1808.0,194,65795.703881
1808.0,194,65797.092776
1808.0,194,65798.595836
1808.0,194,65800.062065
3117.0,307,65831.267555
3117.0,307,65833.435415
3117.0,307,65835.914405
3117.0,307,65838.285996
3117.0,307,65840.60933
2505.0,2242,65886.760952
2505.0,2242,65904.249867
2505.0,2242,65921.853167
2505.0,2242,65940.244808
2505.0,2242,65959.900747
1467.0,160,65991.368645
1467.0,160,65992.373541
1467.0,160,65993.343867
1467.0,160,65994.335591
1467.0,160,65995.453878
1843.0,208,66027.73333
1843.0,208,66029.075657
1843.0,208,66030.404721
1843.0,208,66031.819432
1843.0,208,66033.40857
1881.0,205,66067.066379
1881.0,205,66068.723933
1881.0,205,66070.32425
1881.0,205,66071.981455
1881.0,205,66073.637128
2005.0,2166,66120.587422
2005.0,2166,66137.153516
2005.0,2166,66153.471896
2005.0,2166,66168.947632
2005.0,2166,66184.932273
1841.0,1780,66229.260893
1841.0,1780,66242.702332
1841.0,1780,66255.686824
1841.0,1780,66269.04529
1841.0,1780,66282.30153
2217.0,237,66312.993418
2217.0,237,66314.674869
2217.0,237,66316.537091
2217.0,237,66318.459406
2217.0,237,66320.281791
3478.0,340,66354.914136
3478.0,340,66357.333221
3478.0,340,66359.822197
3478.0,340,66362.416736
3478.0,340,66364.934367
402.0,6016,66439.791951
402.0,6016,66485.810769
402.0,6016,66529.89002
402.0,6016,66574.756832
402.0,6016,66658.983207
1502.0,160,66691.750032
1502.0,160,66692.865814
1502.0,160,66693.929051
1502.0,160,66695.088875
1502.0,160,66696.392494
2208.0,223,66728.377746
2208.0,223,66729.866694
2208.0,223,66731.285829
2208.0,223,66733.102762
2208.0,223,66734.790884
1802.0,2036,66779.646734
1802.0,2036,66794.681263
1802.0,2036,66810.613169
1802.0,2036,66826.407702
1802.0,2036,66841.290006
1618.0,172,66872.877559
1618.0,172,66874.17195
1618.0,172,66875.456281
1618.0,172,66876.738652
1618.0,172,66878.035003
1873.0,204,66908.441629
1873.0,204,66909.896843
1873.0,204,66911.58465
1873.0,204,66913.037498
1873.0,204,66914.577857
2212.0,237,66964.4046
2212.0,237,66966.08704
2212.0,237,66967.848154
2212.0,237,66969.635751
2212.0,237,66971.395246
1882.0,194,67000.771672
1882.0,194,67002.006375
1882.0,194,67003.495007
1882.0,194,67005.096685
1882.0,194,67006.775443
2098.0,218,67062.255069
2098.0,218,67065.243134
2098.0,218,67068.494942
2098.0,218,67071.694299
2098.0,218,67074.786973
1873.0,200,67130.382759
1873.0,200,67133.069827
1873.0,200,67135.783666
1873.0,200,67138.369369
1873.0,200,67141.241024
2095.0,2035,67224.547772
2095.0,2035,67252.719871
2095.0,2035,67279.899887
2095.0,2035,67306.930752
2095.0,2035,67333.982188
2120.0,2036,67415.146435
2120.0,2036,67441.880114
2120.0,2036,67468.399779
2120.0,2036,67495.33522
2120.0,2036,67522.051529
2092.0,219,67580.480739
2092.0,219,67583.554189
2092.0,219,67586.555624
2092.0,219,67589.675718
2092.0,219,67592.707601
870.0,4084,67701.134584
870.0,4084,67755.633183
870.0,4084,67811.306933
870.0,4084,67866.057837
870.0,4084,67922.072059
1761.0,2218,68005.591784
1761.0,2218,68036.727274
1761.0,2218,68067.11381
1761.0,2218,68097.088522
1761.0,2218,68126.749765
1516.0,2200,68215.980536
1516.0,2200,68245.818527
1516.0,2200,68274.56669
1516.0,2200,68303.472822
1516.0,2200,68326.258539
2115.0,2036,68395.713718
2115.0,2036,68423.181875
2115.0,2036,68452.091821
2115.0,2036,68480.987174
2115.0,2036,68509.395063
1894.0,189,68570.82681
1894.0,189,68573.573004
1894.0,189,68576.19441
1894.0,189,68578.984793
1894.0,189,68581.467036
3470.0,346,68641.822764
3470.0,346,68646.296673
3470.0,346,68650.947672
3470.0,346,68655.795675
3470.0,346,68660.681425
2081.0,2034,68732.199941
2081.0,2034,68761.354901
2081.0,2034,68789.710625
2081.0,2034,68822.001334
2081.0,2034,68854.026977
1858.0,2034,68946.291749
1858.0,2034,68979.327155
1858.0,2034,69011.012299
1858.0,2034,69044.588687
1858.0,2034,69075.417426
786.0,6016,69204.529941
786.0,6016,69274.457285
786.0,6016,69354.324939
786.0,6016,69436.014563
786.0,6016,69518.325438
2143.0,211,69576.816394
2143.0,211,69579.497682
2143.0,211,69582.564439
2143.0,211,69585.617654
2143.0,211,69588.420998
1876.0,191,69642.657255
1876.0,191,69645.437818
1876.0,191,69648.056225
1876.0,191,69650.73102
1876.0,191,69653.484878
2437.0,2112,69739.889735
2437.0,2112,69768.443633
2437.0,2112,69797.214049
2437.0,2112,69825.897417
2437.0,2112,69858.615773
2058.0,213,69913.232178
2058.0,213,69916.56165
2058.0,213,69919.951082
2058.0,213,69923.260192
2058.0,213,69926.679605
2460.0,4060,70050.054551
2460.0,4060,70112.977294
2460.0,4060,70175.846426
2460.0,4060,70238.653898
2460.0,4060,70301.813764
1876.0,199,70358.539342
1876.0,199,70361.396187
1876.0,199,70364.584621
1876.0,199,70367.775296
1876.0,199,70370.995331
2076.0,2036,70464.954621
2076.0,2036,70497.499463
2076.0,2036,70529.262894
2076.0,2036,70560.174639
2076.0,2036,70592.79964
1953.0,198,70651.967619
1953.0,198,70655.168863
1953.0,198,70658.230593
1953.0,198,70661.423343
1953.0,198,70664.740608
2272.0,2073,70757.382181
2272.0,2073,70789.500805
2272.0,2073,70822.013826
2272.0,2073,70853.931907
2272.0,2073,70886.093159
1353.0,1506,70969.40931
1353.0,1506,70993.169797
1353.0,1506,71017.02894
1353.0,1506,71040.555984
1353.0,1506,71064.86616
1876.0,195,71118.356359
1876.0,195,71120.903194
1876.0,195,71123.408215
1876.0,195,71125.951105
1876.0,195,71128.439079
1921.0,209,71183.821942
1921.0,209,71186.503457
1921.0,209,71189.193769
1921.0,209,71191.981982
1921.0,209,71194.797175
1948.0,206,71240.700164
1948.0,206,71243.419875
1948.0,206,71246.160774
1948.0,206,71248.889496
1948.0,206,71251.580148
2112.0,2034,71298.277218
2112.0,2034,71314.393629
2112.0,2034,71330.652612
2112.0,2034,71347.481737
2112.0,2034,71364.091519
2125.0,2036,71410.031471
2125.0,2036,71426.147906
2125.0,2036,71442.937091
2125.0,2036,71460.30793
2125.0,2036,71477.129824
1596.0,168,71508.711637
1596.0,168,71510.0354
1596.0,168,71511.426789
1596.0,168,71512.802217
1596.0,168,71514.174535
2754.0,2103,71560.344468
2754.0,2103,71576.836039
2754.0,2103,71593.510708
2754.0,2103,71610.941564
2754.0,2103,71628.037013
2842.0,4059,71691.308622
2842.0,4059,71725.441607
2842.0,4059,71758.707521
2842.0,4059,71792.157459
2842.0,4059,71825.97527
2623.0,2223,71873.071919
2623.0,2223,71891.291563
2623.0,2223,71909.601375
2623.0,2223,71927.881263
2623.0,2223,71946.168974
2547.0,266,71978.131092
2547.0,266,71980.426175
2547.0,266,71982.770175
2547.0,266,71985.088988
2547.0,266,71987.378147
2056.0,218,72021.273222
2056.0,218,72022.765356
2056.0,218,72024.404074
2056.0,218,72026.22863
2056.0,218,72028.05718
1813.0,201,72061.20133
1813.0,201,72062.63787
1813.0,201,72064.197948
1813.0,201,72065.88062
1813.0,201,72067.590682
2072.0,219,72100.846807
2072.0,219,72102.440519
2072.0,219,72104.082856
2072.0,219,72105.999308
2072.0,219,72107.860384
2578.0,2199,72159.369842
2578.0,2199,72177.607472
2578.0,2199,72196.452903
2578.0,2199,72214.852221
2578.0,2199,72232.842321
2107.0,2049,72284.306693
2107.0,2049,72300.433738
2107.0,2049,72316.674834
2107.0,2049,72333.698045
2107.0,2049,72350.444173
2110.0,4157,72417.946144
2110.0,4157,72454.238062
2110.0,4157,72490.043369
2110.0,4157,72525.037512
2110.0,4157,72560.30132
2278.0,6016,72643.967751
2278.0,6016,72694.019878
2278.0,6016,72744.175576
2278.0,6016,72794.509528
2278.0,6016,72844.511906
2040.0,2036,72896.530518
2040.0,2036,72913.377286
2040.0,2036,72930.012928
2040.0,2036,72946.802368
2040.0,2036,72963.446263
1893.0,2038,73010.050213
1893.0,2038,73027.152693
1893.0,2038,73043.716
1893.0,2038,73060.372763
1893.0,2038,73077.195647
1982.0,209,73111.626464
1982.0,209,73113.253353
1982.0,209,73114.991649
1982.0,209,73116.815463
1982.0,209,73118.590044
