#{"t_start": 1743693148.5009587, "env_id": "SuperMarioBros-v2"}
r,l,t
1655.0,2465,33.762195
2060.0,477,54.877603
2625.0,827,72.757896
2207.0,746,88.555678
1958.0,415,98.415589
1168.0,264,112.503978
645.0,155,114.928482
1661.0,1230,140.566869
678.0,122,145.660064
1859.0,442,153.137888
1525.0,364,170.851647
677.0,120,173.741759
1486.0,865,192.521564
1487.0,255,199.139748
1885.0,330,205.389236
2133.0,609,218.364775
1203.0,270,224.839959
2682.0,507,542.481195
1096.0,158,545.646271
1496.0,239,551.945476
2292.0,448,561.839783
1484.0,413,568.655886
1845.0,402,578.180626
1911.0,433,597.035538
1693.0,812,615.545421
2333.0,571,627.500487
1075.0,227,631.163256
1972.0,622,644.124168
1445.0,227,658.570716
1644.0,302,664.139354
1922.0,557,677.06754
1454.0,326,683.346972
1869.0,366,691.418585
1090.0,154,694.400924
2720.0,933,719.8064
1475.0,256,724.661717
693.0,112,728.561249
1477.0,198,731.896439
1093.0,166,735.004835
2056.0,421,745.002083
2000.0,763,762.037114
2038.0,499,1017.067384
2486.0,538,1023.587634
1279.0,240,1025.458989
1089.0,159,1028.058902
1434.0,248,1030.022509
2003.0,298,1033.768487
2168.0,387,1036.782262
2656.0,537,1043.255971
1492.0,234,1051.289448
1982.0,320,1053.882056
1994.0,378,1058.350978
1985.0,426,1063.156485
1853.0,374,1067.449625
1462.0,291,1069.696884
1908.0,332,1073.670953
2221.0,371,1082.079988
1214.0,279,1084.32103
2651.0,428,1088.931807
2699.0,747,1097.793686
2152.0,514,1103.180496
1794.0,275,1105.296023
1977.0,303,1324.90999
2200.0,401,1328.135262
1554.0,242,1331.364722
1484.0,291,1334.929471
2652.0,473,1338.715131
672.0,110,1340.946686
1500.0,282,1343.213266
2483.0,457,1423.521326
1627.0,253,1427.308529
2101.0,396,1430.564309
1452.0,314,1434.486543
1493.0,255,1436.563017
1460.0,221,1439.793545
2463.0,416,1444.463465
1556.0,232,1446.328071
3303.0,605,1455.148875
1849.0,303,1459.176596
1793.0,340,1463.499182
2317.0,403,1466.639689
1120.0,143,1469.080924
2960.0,479,1474.24713
1666.0,192,1475.845154
1446.0,252,1477.914397
2083.0,384,1485.106321
2308.0,501,1490.876354
1548.0,274,1494.50808
3070.0,467,1499.568094
1515.0,176,1500.959309
2461.0,374,1505.308905
1482.0,235,1507.138431
2560.0,346,1517.025316
3067.0,639,1524.226727
1931.0,379,1528.667045
2225.0,349,1532.725346
2219.0,315,1535.235508
1492.0,229,1538.41501
2152.0,264,1540.48837
1657.0,273,1546.411587
2647.0,645,1553.377645
2295.0,544,1559.468893
1223.0,196,1561.134979
1087.0,155,1563.634752
1102.0,144,1564.744513
1443.0,211,1566.371747
1597.0,290,1570.018482
2689.0,440,1652.136928
2244.0,358,1655.603987
2083.0,340,1659.797769
1488.0,216,1662.810395
2801.0,444,1666.340611
1734.0,385,1670.863624
2287.0,301,1674.608094
1795.0,296,1676.951837
1880.0,299,34022.94016
1829.0,250,34024.92247
2284.0,297,34028.716754
1865.0,333,34032.652547
1122.0,159,34033.949142
2064.0,388,34038.283194
1608.0,327,34040.80688
2153.0,316,34044.637214
1915.0,325,34051.710636
2774.0,415,34055.062078
2021.0,335,34059.320147
2138.0,417,34064.001137
3469.0,518,34069.562801
2700.0,447,34074.454381
2288.0,416,34302.347569
1075.0,155,34303.749148
1878.0,319,34307.81518
1500.0,313,34310.365294
2600.0,359,34314.679132
2744.0,498,34320.174591
1075.0,165,34321.477353
1512.0,208,34324.430021
1292.0,196,34325.992278
1893.0,403,34405.322603
2814.0,461,34410.297923
2262.0,259,34412.326572
1960.0,349,34416.465017
2576.0,445,34421.249452
2957.0,458,34426.320359
2682.0,430,34433.093226
1451.0,208,34436.358355
2364.0,339,34439.114133
1494.0,239,34442.360158
1987.0,296,34444.687882
2715.0,402,34449.191374
2668.0,442,34454.018974
3451.0,507,34675.731347
1961.0,279,34679.653721
2231.0,327,34682.221338
2250.0,298,34685.91119
2253.0,370,34690.144937
1719.0,267,34692.198793
2407.0,336,34696.385114
1618.0,294,34698.85833
2303.0,513,34707.181893
1489.0,205,34710.260959
4878.0,788,34718.818852
1730.0,237,34722.144347
2250.0,314,34724.564433
1906.0,374,34728.985015
1126.0,138,34730.145754
3019.0,371,35220.34985
1881.0,254,35226.125849
2270.0,296,35229.886062
1915.0,245,35235.067979
1701.0,392,35240.988541
1816.0,361,35247.517208
1493.0,222,35252.38393
1471.0,218,35255.518264
2395.0,439,35267.910164
1843.0,238,35271.824954
2013.0,246,35277.452211
2365.0,338,35282.878753
1563.0,285,35289.571454
3218.0,466,35299.024069
1464.0,247,35303.390146
1200.0,192,35308.152479
1559.0,275,35312.579694
1465.0,210,35323.511908
2273.0,294,35327.698795
2247.0,340,35335.685965
2241.0,340,35343.989141
2090.0,248,35348.022587
1634.0,227,35353.986845
2478.0,356,35359.8946
1438.0,202,35365.303787
1875.0,364,35751.752896
1089.0,140,35756.177039
2311.0,329,35761.735657
2289.0,360,35766.915198
1806.0,271,35770.625144
1496.0,203,35772.363257
2099.0,379,35776.92535
3256.0,483,35783.293452
1476.0,223,35785.057479
1593.0,334,36005.652592
1476.0,211,36007.278854
2309.0,342,36011.266429
2259.0,338,36013.916376
2211.0,415,36018.76451
1454.0,354,36022.94915
1980.0,340,36026.99986
1587.0,258,36282.869223
2890.0,471,36292.923542
2305.0,375,36300.75438
1920.0,302,36305.987627
2110.0,280,36312.45228
2753.0,530,36323.24619
1457.0,201,36326.480489
2609.0,344,36340.719948
2086.0,275,36347.108963
1838.0,280,36351.937274
1613.0,316,36359.093242
2257.0,424,36368.206814
1635.0,347,36373.710242
2417.0,483,36385.628232
1987.0,325,36400.000572
1094.0,151,36403.237
1612.0,251,36409.642543
2031.0,341,36415.053603
2615.0,493,36425.070992
3006.0,603,36436.555011
1292.0,236,36442.421375
1631.0,330,36447.519003
2494.0,365,36462.366115
1099.0,169,36467.139647
2363.0,409,36474.213814
1719.0,266,36480.461257
2609.0,366,36488.747461
1872.0,288,36493.291494
1537.0,309,36500.665262
1968.0,455,36910.1276
1628.0,296,36914.96795
711.0,99,36916.571763
1779.0,297,36923.609876
2267.0,302,36930.45799
1689.0,329,36935.916068
1898.0,283,36942.519306
1898.0,303,36947.42371
1566.0,244,36953.4984
2793.0,521,36970.484666
1500.0,213,36973.894314
1876.0,228,36979.958938
2094.0,258,36984.264325
2358.0,374,36992.113092
1882.0,293,36997.092213
1578.0,236,37002.785423
1560.0,280,37007.315862
2504.0,433,37410.596876
2441.0,409,37419.437593
1799.0,272,37425.74272
2201.0,399,37432.385631
1469.0,210,37437.766258
1983.0,279,37442.208671
1881.0,266,37448.717331
2027.0,338,37456.038008
2270.0,335,37468.08346
3094.0,346,37475.729049
1084.0,165,37478.426107
1285.0,209,37483.772112
2039.0,329,37488.982237
1506.0,216,37494.686658
2018.0,333,37499.980643
1092.0,150,37504.274178
1992.0,337,37510.018882
2325.0,312,37516.97129
2375.0,305,37530.070486
2031.0,330,37535.62062
711.0,99,37537.280524
1053.0,164,37541.902646
2416.0,446,37551.204439
1697.0,314,37556.222718
2417.0,389,37564.419632
1199.0,208,37567.958169
1853.0,287,37574.539873
1864.0,330,37588.38084
1716.0,274,37592.698518
1658.0,220,37596.567726
1520.0,224,37602.14656
1995.0,388,37610.551234
1840.0,270,37614.960214
2271.0,416,37623.594978
1889.0,294,37630.576037
2048.0,380,37901.579214
3064.0,495,37911.898309
2420.0,362,37919.743369
1487.0,216,37923.261589
2670.0,440,37932.338686
1221.0,215,37937.766017
1943.0,303,37943.142941
2020.0,297,37958.372229
2464.0,512,37968.555378
2012.0,461,37978.259049
2271.0,493,37988.260391
2024.0,243,37992.187943
2046.0,320,37999.478705
2117.0,299,38004.581917
1558.0,288,38404.352222
2961.0,490,38414.497435
1071.0,149,38416.864837
2698.0,401,38425.851618
2080.0,392,38434.066462
3167.0,473,38444.068592
3163.0,593,38466.471201
2584.0,329,38473.760145
1056.0,173,38476.52901
2015.0,307,38482.144739
1503.0,214,38487.590219
2186.0,326,38494.884
1745.0,262,38499.435455
1911.0,270,38505.774878
1438.0,219,38509.271681
1591.0,245,38905.351042
1991.0,323,38914.321999
1832.0,268,38921.204367
1958.0,318,38926.363631
1455.0,226,38932.226728
1563.0,223,38935.904795
1917.0,326,38943.351359
2561.0,368,38949.57887
1121.0,150,38954.012275
1898.0,305,38965.272265
2061.0,407,38973.776484
2543.0,369,38982.322896
2318.0,290,38986.956496
1964.0,271,38993.509992
2010.0,289,39000.314857
1657.0,217,39003.846792
3138.0,444,39013.34659
2946.0,476,39028.872869
1660.0,284,39033.42409
1115.0,211,39039.051903
2363.0,408,39047.7924
1619.0,353,39053.623843
1468.0,193,39058.795964
2613.0,579,39071.995549
1526.0,179,39080.923805
2165.0,369,39089.035506
1506.0,189,39092.156111
2574.0,365,39100.407809
2615.0,384,39108.621132
2400.0,365,39114.889082
2791.0,406,39123.489171
2168.0,323,39130.951365
2042.0,331,39530.44178
1813.0,195,39536.065189
1457.0,180,39538.925087
2034.0,313,39546.042519
1960.0,276,39550.651905
735.0,94,39552.191159
1851.0,413,39560.795256
1979.0,392,39569.403887
1862.0,280,39575.885723
1088.0,164,39977.935869
3019.0,502,39988.203341
1654.0,270,39992.412273
1695.0,326,39999.938982
2259.0,318,40007.160136
2277.0,338,40012.917275
1538.0,240,40018.82985
2449.0,383,40027.169683
2513.0,387,40039.446543
2607.0,475,40049.258601
2696.0,408,40058.035186
2553.0,671,40070.705183
1074.0,128,40075.236447
2041.0,280,40079.632087
2242.0,523,40102.413505
2380.0,385,40110.611051
2882.0,466,40120.223911
1084.0,140,40122.488185
2665.0,441,40131.517616
1849.0,373,40139.745818
2382.0,598,40546.268064
2171.0,322,40551.445595
2804.0,423,40560.416664
2255.0,309,40567.620596
1909.0,246,40571.619477
2378.0,475,40581.575968
1062.0,182,40586.752614
3515.0,488,40995.449873
1095.0,140,40997.765711
2521.0,455,41007.42354
1618.0,367,41015.308972
2571.0,304,41020.372012
2426.0,365,41028.169971
2712.0,359,41036.130868
2299.0,382,41436.247155
2088.0,254,41442.581296
1840.0,311,41447.661138
1715.0,276,41454.327352
1787.0,259,41458.50864
1896.0,319,41465.542466
2233.0,477,41475.414796
2434.0,397,41484.350845
2042.0,284,41885.242013
1852.0,284,41892.044036
1081.0,144,41894.321092
3066.0,737,41910.503888
1565.0,263,41914.658634
2606.0,469,41924.362848
1467.0,198,41927.530494
2791.0,472,42328.475597
2280.0,308,42335.385604
2164.0,366,42343.750287
2487.0,381,42349.860214
2531.0,530,42360.482893
1868.0,251,42366.414377
1780.0,247,42370.667481
2326.0,347,42775.478131
2410.0,397,42783.773524
1983.0,302,42788.618256
2436.0,525,42799.04067
2303.0,413,42807.792025
2012.0,313,42814.734716
1443.0,199,42818.022708
1457.0,186,42823.178648
2604.0,364,42836.166552
1985.0,298,42842.786345
2665.0,450,42852.233269
1494.0,301,42856.97581
1819.0,279,42863.389977
2656.0,419,42872.332931
1527.0,304,42877.10838
2525.0,382,43155.196737
1909.0,266,43161.379528
2427.0,390,43167.929562
2964.0,509,43177.980193
1454.0,200,43183.47394
1919.0,289,43188.06617
1459.0,353,43196.082916
1094.0,160,43198.706568
1472.0,204,43599.869982
3379.0,497,43610.00045
1990.0,263,43614.253801
1081.0,134,43616.727751
2438.0,558,43629.863204
1585.0,238,43633.880087
2391.0,374,43641.910943
1607.0,284,43646.646251
2652.0,514,43890.11805
1657.0,260,43893.773571
1987.0,279,43895.978091
1832.0,310,43900.284271
1902.0,323,43904.628311
2680.0,429,43908.083979
1875.0,294,43912.03872
1510.0,260,44323.153451
1541.0,304,44327.943376
1441.0,176,44330.891927
1860.0,274,44339.360442
1486.0,207,44342.927944
2801.0,427,44351.501807
1457.0,209,44357.264646
2795.0,486,44366.883462
1996.0,323,44788.848857
1454.0,177,44793.960797
2293.0,360,44799.489778
2252.0,274,44806.063386
1901.0,277,44810.464981
1583.0,241,44816.441051
1534.0,234,44820.723306
1860.0,287,44827.305939
1720.0,253,44831.265789
2589.0,368,45126.365095
1708.0,268,45133.203322
1492.0,212,45136.675494
1469.0,201,45140.219567
1974.0,321,45147.587008
2699.0,387,45156.1691
2687.0,379,45162.365033
1573.0,244,45168.235937
1968.0,323,45175.728871
2298.0,369,45190.071159
2036.0,294,45197.320932
2997.0,422,45209.105583
1851.0,288,45213.857677
1857.0,366,45222.07711
2014.0,304,45229.327071
2811.0,325,45234.479378
1079.0,139,45237.220508
1103.0,127,45241.401736
1556.0,221,45449.570556
1607.0,248,45453.029167
1979.0,256,45455.146513
1902.0,293,45459.10275
2275.0,323,45461.805823
1509.0,215,45465.137349
2091.0,315,45467.728454
2051.0,265,45471.619837
1577.0,213,45473.519821
1936.0,584,45710.664668
2576.0,659,45719.220558
2918.0,403,45723.94254
1087.0,149,45725.271952
2026.0,270,45727.433102
2266.0,320,45731.562818
1861.0,264,45733.683384
1467.0,298,45741.960667
2433.0,326,45746.569674
1577.0,240,45748.505886
1188.0,314,45752.558646
1866.0,229,45754.551654
1076.0,158,45757.323867
2578.0,363,45760.521111
2260.0,304,45764.670421
1582.0,238,45766.680947
1638.0,243,45926.144068
3074.0,436,45931.044951
1867.0,252,45934.018945
2300.0,382,45938.474471
1514.0,196,45940.083289
2320.0,303,45944.080373
1887.0,284,45946.540504
1882.0,306,45950.373335
2170.0,303,46181.524688
2095.0,304,46184.096922
1464.0,238,46187.463047
3063.0,501,46192.774131
1592.0,230,46194.597213
2265.0,384,46199.114607
3031.0,469,46204.269144
2466.0,346,46438.928078
2248.0,383,46443.508732
1648.0,270,46447.183055
1834.0,254,46449.467636
2371.0,484,46454.865026
1814.0,251,46458.315539
1913.0,234,46460.273195
2324.0,433,46465.419852
3226.0,427,46698.595125
1528.0,232,46700.534336
4263.0,790,46710.349886
1864.0,245,46712.451106
2526.0,339,46716.809656
1837.0,282,46719.136959
1962.0,287,46804.804263
1504.0,195,46806.792723
1455.0,232,46810.128092
2470.0,312,46812.608194
2031.0,303,46816.322194
1539.0,211,46817.970178
2568.0,393,46822.572881
2938.0,431,46827.752997
1861.0,326,46831.854026
2508.0,435,47065.261533
2186.0,290,47067.647084
1991.0,327,47071.690349
1499.0,204,47073.333599
2335.0,383,47077.712615
1459.0,168,47079.036544
2505.0,412,47083.632268
1611.0,250,47086.889571
1461.0,254,47310.7534
4280.0,1250,47324.767768
1432.0,250,47328.058319
2366.0,353,47332.161027
1500.0,264,47334.177599
1882.0,340,47489.30643
1891.0,269,47491.96201
1556.0,255,47495.716099
1504.0,232,47497.683381
2238.0,349,47501.912234
1821.0,234,47503.75549
1460.0,205,47506.786643
2148.0,311,47509.387201
1264.0,234,47512.70524
2276.0,336,47525.552712
2241.0,297,47527.923503
2846.0,422,47532.849915
1777.0,249,47534.95783
1905.0,350,47539.296625
2243.0,401,47544.017148
2394.0,447,47548.958923
1829.0,348,47774.956316
2211.0,318,47779.212032
1466.0,226,47782.717571
2003.0,253,47784.932895
3227.0,428,47789.759744
1510.0,232,47791.561602
1472.0,223,47794.748532
1873.0,241,47796.728335
2259.0,370,47801.005027
1509.0,255,48033.538817
1468.0,187,48036.606065
2035.0,291,48038.918745
1508.0,168,48041.722232
2241.0,329,48044.356079
2746.0,392,48048.978557
2317.0,345,48053.01744
1491.0,299,48055.356069
2536.0,356,48059.424199
1513.0,206,48068.291358
1091.0,144,48070.904826
2595.0,429,48075.538885
1683.0,193,48077.059824
1709.0,272,48080.669779
1888.0,281,48082.995922
1894.0,296,48086.771829
2409.0,348,48089.568009
1975.0,253,48093.093549
2289.0,265,48103.963354
1990.0,231,48107.46753
1882.0,277,48109.771649
2527.0,366,48114.290438
1421.0,205,48116.020507
1507.0,200,48119.193103
1992.0,292,48121.435863
2186.0,313,48125.235339
2562.0,386,48129.712376
2641.0,477,48292.876933
2556.0,386,48296.263521
1567.0,199,48299.44561
1904.0,319,48302.161359
2695.0,424,48307.022381
1558.0,223,48310.289487
1540.0,267,48312.553093
1900.0,245,48315.847726
2421.0,385,48329.552819
1865.0,279,48333.114841
2531.0,326,48337.517464
1882.0,248,48339.752382
2324.0,309,48343.91397
1853.0,240,48345.870499
2750.0,417,48350.597503
2305.0,342,48586.824014
2097.0,402,48590.870095
2390.0,382,48595.420406
2284.0,284,48599.173866
1458.0,177,48600.632361
2180.0,310,48604.494364
3042.0,461,48609.491837
1556.0,226,48611.372223
2368.0,320,48621.269839
1797.0,256,48623.831614
2909.0,711,48632.630443
2301.0,277,48634.871061
2360.0,530,48640.372532
1658.0,296,48644.123374
1486.0,281,48646.349306
2020.0,299,48657.335124
1462.0,220,48659.17378
1494.0,200,48662.347152
2241.0,338,48665.284671
3090.0,596,48672.918862
1827.0,267,48675.037461
2423.0,292,48678.773919
1798.0,253,48680.926619
2387.0,405,48839.097173
2461.0,430,48844.195737
1530.0,198,48845.917764
2273.0,295,48850.021456
2672.0,443,48855.037613
2528.0,361,48857.965534
2359.0,352,48862.228165
1955.0,245,49020.410433
2304.0,317,49024.408085
1958.0,309,49028.20335
4465.0,999,49039.585631
1838.0,278,49041.931687
1565.0,223,49045.277011
1950.0,270,49271.160496
2845.0,472,49276.638457
1775.0,265,49280.067405
1756.0,249,49282.058822
2531.0,371,49286.625372
5078.0,1029,49298.712919
2327.0,367,49537.847359
2001.0,313,49541.930608
1488.0,217,49545.062975
3072.0,458,49548.656839
1810.0,248,49552.090764
1994.0,279,49554.393961
2683.0,387,49558.839001
2408.0,340,49719.489702
2254.0,326,49724.407715
2170.0,381,49727.406027
2328.0,274,49731.147165
1994.0,271,49733.404298
2830.0,330,49737.470933
2456.0,419,49742.339375
2953.0,380,49747.225622
2261.0,267,49977.159299
2115.0,324,49981.643237
1441.0,192,49983.151538
3525.0,438,49988.053591
2075.0,271,49990.291194
1716.0,247,49993.698902
1658.0,258,49995.74553
2010.0,288,49999.446303
1869.0,220,50001.289914
1892.0,265,50233.481177
1572.0,207,50235.479913
2678.0,430,50240.510507
3067.0,411,50245.272283
1445.0,178,50246.774184
2398.0,326,50250.840581
2249.0,368,50255.075602
3711.0,518,50489.803131
707.0,99,50490.729103
3844.0,559,50496.92409
1481.0,260,50499.161457
1961.0,301,50503.097509
2152.0,280,50506.724645
1446.0,195,50508.311293
2557.0,303,50512.267917
2269.0,334,50515.034615
2952.0,516,50752.845928
1495.0,206,50756.037564
1455.0,227,50757.858654
2983.0,889,50767.8427
2012.0,262,50770.045975
3208.0,492,51008.674515
1790.0,312,51012.656823
2418.0,341,51017.136587
1535.0,245,51019.233311
1836.0,243,51022.653796
1531.0,190,51024.199414
1486.0,172,51025.602431
1991.0,312,51029.558547
1585.0,180,51031.085717
2189.0,269,51034.651885
2559.0,356,51189.127689
2081.0,244,51192.601448
2184.0,267,51194.797804
2355.0,337,51198.975553
2595.0,431,51204.396743
2266.0,316,51208.680226
3524.0,447,51212.277212
2668.0,358,51299.332337
3112.0,466,51305.253768
2101.0,283,51309.068496
2269.0,271,51311.249529
1478.0,186,51312.757808
1102.0,168,51315.536568
701.0,107,51316.489586
3177.0,509,51322.07151
2182.0,308,51326.008941
2289.0,469,51571.94046
2392.0,1804,51591.623177
2276.0,347,51597.15243
2732.0,354,51758.906471
1598.0,261,51762.553135
2692.0,553,51768.717556
1814.0,340,51773.259406
2684.0,328,51776.226088
1819.0,306,51780.173629
2166.0,257,51782.256027
2784.0,543,51873.747933
1699.0,253,51877.117078
1787.0,306,51880.871455
2460.0,328,51883.519374
1835.0,221,51886.750309
2695.0,303,51889.027852
1089.0,138,51890.154363
2255.0,331,51894.117258
1859.0,217,52130.218247
3420.0,548,52141.799968
1473.0,201,52145.033514
2726.0,388,52153.957214
1824.0,225,52157.793317
2900.0,408,52166.453926
2675.0,389,52175.064942
3225.0,426,52457.959367
2026.0,350,52463.58773
1570.0,234,52469.680918
2295.0,402,52478.188428
2331.0,299,52483.310791
1473.0,189,52486.435973
1538.0,190,52491.54119
1830.0,188,52494.773237
2156.0,251,52501.3685
2095.0,264,52505.694599
1497.0,196,52659.014297
1566.0,229,52662.568631
3212.0,439,52671.990987
1969.0,266,52676.597929
2036.0,276,52683.12306
1831.0,263,52687.640305
2400.0,379,52696.057257
1812.0,252,52701.93442
2008.0,292,52744.355036
1469.0,189,52749.417319
2953.0,388,52755.873867
2911.0,362,52763.395324
2529.0,412,52774.179487
1876.0,253,52778.643416
2450.0,342,52786.483802
2309.0,275,52793.213485
2525.0,392,53065.077823
1839.0,248,53071.118018
4032.0,892,53091.434903
2233.0,281,53096.139591
1493.0,219,53101.800496
1489.0,185,53104.628022
1870.0,293,53111.918407
1477.0,166,53114.44536
1461.0,210,53378.268067
2622.0,457,53387.458281
1865.0,294,53394.105782
2624.0,362,53400.073202
2557.0,302,53406.707614
2177.0,282,53413.343637
2676.0,379,53419.58004
2274.0,303,53571.748263
1994.0,257,53576.592243
3751.0,531,53587.547352
3069.0,500,53598.586828
1875.0,241,53604.602637
2226.0,333,53612.747428
3324.0,419,53619.089646
1979.0,295,53938.577375
2366.0,249,53942.561376
1499.0,199,53947.428059
2390.0,320,53952.826334
2288.0,279,53959.436672
2195.0,313,53968.387682
2263.0,273,53973.596922
1830.0,314,53982.169589
1850.0,246,53986.897466
2963.0,459,54011.350661
1899.0,361,54020.244065
1899.0,286,54025.098697
1925.0,225,54032.285496
3402.0,507,54042.371724
5485.0,1113,54088.026373
1484.0,222,54091.616521
1570.0,243,54097.230001
2275.0,351,54105.621599
1430.0,209,54108.784271
2455.0,363,54116.545971
2263.0,318,54121.606108
1672.0,194,54126.544312
2408.0,393,54146.29773
1889.0,242,54151.914679
2808.0,391,54160.024576
2265.0,251,54163.58808
1812.0,231,54168.9884
2246.0,269,54173.104673
2698.0,361,54181.093186
2209.0,356,54188.340944
2242.0,364,54210.985064
1874.0,288,54217.29984
2013.0,279,54221.842786
3051.0,505,54231.706214
2239.0,306,54238.749188
2074.0,324,54246.461432
2743.0,350,54252.669091
2717.0,345,54260.203845
1829.0,257,54277.567991
1650.0,196,54282.822478
2450.0,321,54289.609598
1825.0,225,54295.279611
2032.0,226,54298.752892
2749.0,408,54307.183949
2294.0,256,54313.782899
2403.0,295,54318.380521
2268.0,321,54325.931339
3104.0,475,54464.41653
1524.0,260,54468.386014
1999.0,249,54474.361024
3058.0,376,54482.532282
1889.0,280,54486.659484
2252.0,319,54493.35365
1869.0,312,54498.279703
2271.0,344,54645.506725
1522.0,194,54649.136996
2049.0,308,54656.804707
1572.0,223,54660.638977
1480.0,185,54665.662258
2698.0,347,54673.481781
2641.0,363,54681.054508
2702.0,380,54689.235708
2265.0,291,54693.940751
2014.0,271,54952.42988
2245.0,267,54957.210859
1477.0,194,54962.255085
3160.0,426,54969.966857
2557.0,304,54973.410614
2340.0,295,54977.27623
1840.0,214,54979.073208
2159.0,272,54982.61208
2975.0,374,54987.283339
4229.0,799,55004.328349
2664.0,444,55009.925615
2382.0,341,55029.206153
1837.0,263,55032.607508
2682.0,405,55037.83843
4731.0,1183,55061.227412
1743.0,249,55069.045896
2390.0,337,55078.222407
1830.0,216,55082.231948
2291.0,304,55084.968841
3454.0,483,55090.454783
2220.0,280,55102.220053
2017.0,316,55106.473911
2067.0,260,55108.678258
1459.0,206,55110.499591
2654.0,333,55114.89495
3074.0,416,55119.843756
1883.0,266,55122.033765
1500.0,182,55125.05397
1906.0,256,55127.187836
2648.0,374,55140.74261
1553.0,223,55142.817228
2842.0,527,55148.994291
1494.0,190,55152.013811
3147.0,382,55156.718993
2321.0,285,55159.114056
1474.0,272,55163.145492
3258.0,350,55252.437328
2360.0,332,55256.664944
2268.0,341,55260.920954
1893.0,315,55263.511534
1857.0,245,55266.745311
2354.0,367,55269.638797
2712.0,323,55273.552794
2039.0,244,55276.873321
2586.0,348,55286.159719
1852.0,234,55289.327743
1466.0,182,55290.981083
1457.0,206,55293.000377
2180.0,272,55296.7511
2292.0,325,55300.73337
2837.0,328,55303.39592
2207.0,304,55307.130254
2128.0,257,55309.156308
1868.0,221,55312.421553
2101.0,230,55321.800014
1479.0,221,55325.271738
1870.0,218,55327.058997
2546.0,357,55331.312871
1684.0,245,55333.225749
1462.0,205,55336.184175
1618.0,222,55338.002233
2482.0,345,55342.100761
2290.0,272,55344.233749
1505.0,219,55347.336097
2251.0,247,55356.018049
2295.0,320,55360.286604
2348.0,371,55364.733977
3149.0,460,55370.218396
1984.0,237,55372.147155
1227.0,175,55373.556156
2976.0,342,55377.752592
1892.0,265,55380.012992
2679.0,843,55412.143196
1483.0,204,55417.336746
722.0,98,55418.125346
1835.0,246,55420.080941
1550.0,228,55423.430122
1575.0,245,55425.431794
2984.0,378,55429.820247
2056.0,246,55431.740685
1873.0,230,55514.874653
2019.0,273,55517.473363
1496.0,203,55520.596499
2310.0,304,55522.979652
1876.0,230,55526.26056
1492.0,198,55527.817593
3097.0,514,55533.315685
1808.0,271,55536.948791
2836.0,450,55624.862534
2403.0,339,55627.581772
1492.0,264,55631.123719
1674.0,204,55632.842602
1675.0,313,55636.864855
3213.0,427,55641.697234
2601.0,292,55644.114651
2818.0,342,55648.284724
2529.0,339,55657.029341
1884.0,233,55660.349378
2542.0,295,55664.195179
2525.0,330,55666.754342
1081.0,172,55669.473657
1470.0,239,55671.366659
3635.0,560,55678.237646
2024.0,237,55681.602752
1998.0,262,55683.746876
1849.0,245,55693.412905
3124.0,386,55696.421051
708.0,100,55697.228151
1819.0,211,55700.207204
1593.0,215,55701.905232
729.0,98,55702.710359
1657.0,196,55705.677236
2165.0,284,55708.108369
2679.0,346,55712.315473
2248.0,309,55716.443957
1526.0,201,55718.168717
1462.0,186,55730.290256
2609.0,328,55734.528657
1893.0,307,55738.338867
1447.0,154,55739.608093
1539.0,197,55741.227485
1804.0,210,55744.451772
2281.0,254,55746.581537
2626.0,325,55750.968976
1829.0,189,55752.520351
3094.0,377,55763.237164
2151.0,276,55767.452552
2422.0,271,55769.518054
2595.0,342,55773.662434
4987.0,936,55784.869509
1878.0,228,55786.653709
2785.0,333,55790.695064
3083.0,433,55801.892494
2042.0,213,55803.714483
1816.0,208,55805.407986
1475.0,178,55808.227855
2730.0,344,55811.110864
2052.0,246,55814.392437
2090.0,293,55816.643001
2988.0,419,55821.18824
3433.0,489,55833.931632
1777.0,195,55837.130295
1695.0,241,55839.065494
1824.0,237,55842.58383
1847.0,265,55844.864685
1596.0,208,55846.656606
1497.0,203,55849.638823
2136.0,281,55851.859986
1867.0,241,55855.084863
1456.0,156,55856.362789
2553.0,340,55939.43035
1692.0,212,55941.544256
1563.0,187,55944.771778
1977.0,348,55947.499147
1710.0,221,55950.589278
2066.0,310,55953.147506
2759.0,376,55957.549758
2993.0,355,55961.872254
2570.0,297,55964.110909
1929.0,239,55975.4319
1473.0,185,55977.243454
1740.0,228,55980.96498
2498.0,284,55983.347027
2999.0,386,55987.803288
3081.0,451,55992.867607
1864.0,226,55994.664622
1823.0,276,55998.175879
1683.0,200,55999.778566
2025.0,243,56009.657608
1446.0,174,56011.036951
2066.0,279,56014.559239
2107.0,242,56016.450075
2281.0,325,56020.40012
1582.0,215,56022.250193
2028.0,259,56025.722385
1515.0,218,56027.48356
2409.0,298,56031.309821
3285.0,405,56042.624962
2028.0,231,56046.300759
1852.0,237,56048.241537
2072.0,239,56051.61278
1609.0,192,56053.220208
1859.0,219,56056.426765
1505.0,206,56058.095302
1577.0,179,56059.551075
2350.0,246,56063.016326
1837.0,218,56064.842135
2663.0,284,56068.465496
2504.0,318,56224.437753
3444.0,386,56230.031081
1926.0,215,56233.188613
2713.0,333,56235.81382
1517.0,167,56238.490024
1866.0,219,56240.220838
1909.0,219,56241.974261
2942.0,322,56245.828416
2559.0,297,56249.577139
2717.0,338,56258.560787
1559.0,182,56261.699838
2620.0,331,56264.446316
3003.0,372,56268.707527
1495.0,203,56270.308088
2002.0,230,56273.499438
1878.0,231,56275.320288
2687.0,324,56279.235457
2354.0,316,56283.229476
1832.0,216,56284.970088
2001.0,263,56362.827136
3439.0,419,56367.520656
1839.0,257,56370.859514
1818.0,235,56372.689149
1541.0,263,56377.030438
1633.0,247,56378.919665
2427.0,301,56382.753543
3605.0,442,56387.685705
2377.0,314,56665.46903
1727.0,209,56671.009149
2485.0,399,56677.799011
2835.0,287,56683.397051
2216.0,256,56687.124209
2821.0,342,56689.780166
2052.0,264,56693.284348
2371.0,322,56695.889016
2046.0,238,56777.966972
2268.0,271,56780.657499
2800.0,306,56784.790816
1726.0,198,56786.393874
2541.0,263,56789.911871
1968.0,227,56791.820976
2802.0,324,56795.749523
2198.0,251,56797.73173
2539.0,351,56802.162691
2973.0,317,56813.975843
2291.0,242,56816.429963
2375.0,266,56820.330053
1870.0,254,56822.350654
3527.0,381,56826.854552
1503.0,204,56828.438795
2747.0,335,56832.505042
2814.0,379,56837.144022
3319.0,443,56847.938252
1602.0,183,56849.776767
1827.0,339,56854.452754
2008.0,251,56856.589385
1671.0,216,56859.778128
2940.0,752,56867.306447
2594.0,343,56871.501601
2681.0,337,56874.138573
2518.0,579,56886.644771
1938.0,207,56889.712744
3996.0,522,56895.472021
2702.0,320,56899.470992
2550.0,327,56902.276022
1732.0,201,56905.407043
1569.0,182,56906.874966
1751.0,194,56914.869566
1744.0,192,56918.114549
1498.0,173,56919.508105
2320.0,258,56923.079038
1646.0,198,56924.783368
2637.0,294,56927.320931
2493.0,300,56931.238177
3070.0,397,56935.946672
2808.0,350,56940.034108
1536.0,212,56941.684443
1925.0,280,56958.969298
3035.0,1724,56978.888133
1918.0,245,56980.804349
3454.0,424,57214.900074
2410.0,295,57219.05707
2177.0,318,57221.576988
2823.0,376,57225.953491
3017.0,495,57231.206532
2885.0,351,57235.347834
1693.0,251,57237.395375
2311.0,314,57241.252659
2632.0,306,57471.298743
2379.0,307,57475.334006
2197.0,263,57478.795343
1828.0,226,57480.570691
1472.0,216,57482.323612
2455.0,320,57486.130755
3055.0,434,57490.853572
1563.0,193,57493.464773
1895.0,223,57496.862734
2265.0,281,57507.085156
2121.0,295,57511.25651
1854.0,222,57513.144727
3843.0,667,57522.443764
3805.0,581,57529.60019
1574.0,201,57531.266903
2189.0,285,57535.022554
2413.0,368,57544.950624
3330.0,367,57549.314473
2036.0,274,57552.797999
2003.0,241,57554.78803
1459.0,188,57556.407285
1904.0,295,57560.31119
2691.0,303,57564.05224
1857.0,311,57566.518669
1905.0,231,57575.615411
1466.0,187,57577.476441
3432.0,454,57583.155798
2799.0,330,57587.453616
1476.0,183,57588.898894
2852.0,396,57593.435894
2043.0,274,57595.602191
1755.0,248,57598.974769
2098.0,274,57601.174984
2715.0,299,57762.529486
1992.0,240,57764.585433
3738.0,538,57770.624687
1847.0,245,57774.164363
2475.0,578,57780.27023
2004.0,294,57784.067786
1743.0,253,57786.063008
2695.0,346,57798.166064
2972.0,376,57801.250387
2705.0,353,57805.623813
2532.0,317,57809.581561
2755.0,311,57812.267678
3176.0,642,57820.636143
3027.0,351,58052.326835
1946.0,259,58056.215919
2145.0,271,58058.54173
2259.0,244,58061.968586
2647.0,320,58064.642942
2120.0,262,58068.163059
2549.0,287,58071.841636
1801.0,215,58073.533889
2333.0,311,58078.249966
1849.0,212,58079.916918
2189.0,316,58091.585908
2041.0,238,58093.566183
2076.0,270,58097.351738
2050.0,236,58099.427525
2777.0,336,58103.842479
3563.0,439,58110.039145
3566.0,382,58116.284027
1569.0,174,58121.355783
2021.0,236,58133.920364
2394.0,259,58137.839675
1880.0,237,58139.819258
1985.0,337,58144.036003
2960.0,361,58146.920424
2389.0,287,58150.825488
1906.0,261,58152.935559
3314.0,443,58157.755558
3493.0,401,58168.326515
1473.0,198,58171.733613
1842.0,222,58173.443243
1961.0,282,58177.019973
2572.0,276,58179.213103
2606.0,327,58183.331383
1061.0,130,58184.3834
2669.0,319,58188.255654
3505.0,421,58191.630376
2260.0,265,58350.794546
2553.0,281,58353.668177
2118.0,255,58357.241592
1567.0,258,58359.298464
2834.0,382,58364.651918
1859.0,213,58367.90242
2828.0,360,58371.002258
2004.0,223,58374.316736
2696.0,311,58376.89379
2118.0,233,58386.020114
1820.0,210,58388.184844
1827.0,214,58391.588635
1941.0,208,58393.311073
1523.0,169,58394.627502
1486.0,197,58397.557698
2805.0,306,58400.898638
1585.0,221,58404.157805
2024.0,241,58406.163079
1099.0,153,58408.788262
1879.0,208,58410.585234
1591.0,201,58412.399918
3301.0,463,58433.820545
1529.0,169,58438.324981
1636.0,198,58441.345394
1881.0,257,58445.94931
2021.0,218,58451.470731
1721.0,215,58457.474587
2378.0,268,58464.23584
2100.0,241,58468.277105
2527.0,339,58475.928208
2923.0,390,58497.968625
2836.0,412,58506.976476
1672.0,193,58509.848466
1872.0,205,58513.455809
2196.0,235,58519.083339
2000.0,213,58522.516922
1956.0,211,58528.318009
2731.0,379,58534.422782
2256.0,270,58540.846722
1837.0,221,58709.135747
3504.0,368,58716.964255
1611.0,180,58719.927075
3569.0,601,58733.266717
2049.0,276,58737.788427
1826.0,224,58743.689921
1892.0,307,58748.636626
1830.0,220,58754.434516
3509.0,411,59061.536191
2254.0,269,59067.812461
2376.0,357,59075.256156
3018.0,354,59081.069167
2693.0,298,59087.78621
2880.0,350,59095.732412
1861.0,310,59100.629056
2884.0,334,59108.271708
2630.0,329,59130.469168
2033.0,243,59136.37413
1731.0,189,59139.61444
3466.0,522,59150.204971
1954.0,311,59157.433299
2143.0,308,59164.759133
3710.0,498,59173.049173
2403.0,328,59198.462196
2796.0,317,59206.153716
1809.0,198,59211.532408
1982.0,239,59218.02297
1558.0,191,59221.020108
1076.0,136,59223.399148
1653.0,317,59230.921229
2118.0,236,59234.859594
1867.0,242,59240.979842
2264.0,259,59245.284152
1654.0,203,59250.874854
1579.0,223,59268.612423
2459.0,334,59276.541626
2290.0,278,59281.17126
2430.0,270,59287.64541
2416.0,332,59296.971845
2380.0,274,59300.940982
1987.0,251,59307.065734
3017.0,481,59316.885121
1878.0,248,59333.546322
2934.0,360,59341.79086
2258.0,258,59346.002508
2076.0,272,59352.678837
2363.0,242,59356.540821
1898.0,267,59363.351005
2678.0,379,59369.640294
1084.0,129,59373.719767
2896.0,362,59379.53611
2578.0,322,59825.449196
2361.0,276,59835.244191
2324.0,279,59840.312878
2814.0,353,59848.605189
2261.0,232,59852.450555
2383.0,313,59859.749078
2350.0,291,59864.603661
2284.0,315,59871.700359
2146.0,244,59900.472443
2391.0,299,59905.131092
1963.0,251,59911.508137
1885.0,215,59915.404042
2719.0,326,59923.155369
2468.0,497,59933.491799
1874.0,242,59937.354031
2839.0,336,59945.063876
2528.0,372,60119.82537
3074.0,369,60127.750179
1761.0,189,60133.249145
1449.0,169,60135.910094
1813.0,216,60139.570608
3856.0,452,60150.998317
2144.0,300,60158.286546
1663.0,210,60161.778779
2406.0,253,60168.360365
2244.0,261,60172.550417
1592.0,182,60195.939974
3087.0,473,60203.744282
2160.0,253,60209.799786
2479.0,327,60217.547854
2644.0,300,60222.48169
1470.0,192,60228.090648
2530.0,293,60234.317004
1738.0,209,60242.445359
714.0,103,60244.048487
2193.0,290,60738.270015
1946.0,244,60744.476965
1874.0,280,60749.043772
2136.0,315,60756.101768
2257.0,250,60760.447768
3176.0,436,60769.60649
2449.0,287,60776.408671
2191.0,272,60781.030664
2304.0,270,60787.366374
2514.0,397,60813.924973
1458.0,189,60816.971648
3067.0,354,60825.09787
3109.0,365,60831.248343
4278.0,652,60847.912541
1629.0,207,60851.269206
2579.0,324,60858.886451
2530.0,316,61035.66774
3138.0,406,61044.379209
1904.0,247,61050.733876
1992.0,232,61054.503391
2458.0,369,61062.841259
1444.0,170,61065.738212
1526.0,210,61071.5182
1481.0,174,61074.283989
3533.0,418,61083.296673
2177.0,312,61102.194599
2324.0,281,61108.842357
2019.0,265,61113.271567
2540.0,311,61120.274617
3696.0,492,61132.366479
1851.0,217,61136.175346
3066.0,346,61143.708057
1581.0,211,61147.420683
2682.0,365,61174.391298
2851.0,559,61186.099526
2067.0,235,61192.238722
2154.0,267,61196.788536
3574.0,455,61206.369195
2220.0,246,61212.760906
2250.0,254,61216.851529
3110.0,383,61241.163198
1529.0,165,61244.322917
1851.0,207,61250.16424
1816.0,200,61253.288006
2215.0,250,61259.807743
1916.0,239,61265.668938
2363.0,300,61273.41892
2381.0,251,61277.330974
2805.0,321,61285.059375
2665.0,277,61289.634135
2779.0,299,61622.018372
1966.0,239,61625.916861
1712.0,211,61631.561686
1934.0,287,61636.354389
2003.0,269,61642.949279
1576.0,221,61646.620182
2564.0,291,61653.812533
1673.0,207,61657.15344
1495.0,182,61662.61848
1945.0,219,61666.028656
2592.0,312,61690.504706
2264.0,269,61694.715681
1717.0,211,61700.701535
2586.0,323,61707.829612
1766.0,194,61713.490474
2139.0,242,61717.285349
2455.0,306,61724.568576
2126.0,262,61728.747966
2397.0,274,61735.575281
2206.0,248,61739.37238
1523.0,167,61916.251567
3153.0,386,61924.725586
2269.0,263,61931.284161
3952.0,469,61943.429769
2765.0,307,61948.459127
2698.0,296,61957.985173
2871.0,379,61966.397388
4697.0,899,62006.305164
2458.0,322,62013.830487
2010.0,230,62017.804786
1581.0,201,62023.257074
2284.0,290,62027.980597
2151.0,270,62034.459766
1897.0,214,62038.013281
1498.0,180,62043.322404
1540.0,206,62064.420759
1839.0,220,62068.61177
1807.0,258,62074.677046
2105.0,235,62078.685266
2494.0,325,62085.957968
2159.0,253,62094.273143
2127.0,240,62098.239302
2190.0,266,62105.171911
1910.0,226,62108.738323
1851.0,216,62112.439873
1910.0,468,62296.21501
3372.0,491,62308.511018
2913.0,344,62318.435435
3822.0,550,62332.027904
2526.0,678,62345.673689
1999.0,204,62675.743922
2648.0,327,62682.069032
2875.0,352,62689.847544
2542.0,332,62697.595354
2315.0,287,62702.319842
1930.0,245,62708.571142
2505.0,405,62717.645862
3158.0,401,62724.300492
3257.0,445,63217.650594
2183.0,331,63225.487868
1458.0,197,63228.706764
3003.0,390,63237.28007
2263.0,303,63244.619405
1671.0,199,63247.792322
2700.0,386,63256.382628
2558.0,273,63260.800057
3031.0,346,63600.486673
701.0,104,63602.245534
723.0,96,63604.014888
2390.0,260,63610.250925
1500.0,185,63615.108012
1858.0,231,63621.389915
1936.0,234,63625.139969
2526.0,300,63634.469172
3321.0,413,63642.060859
2825.0,363,63649.981892
2158.0,298,63816.668111
2402.0,278,63821.333896
3213.0,390,63829.67435
2125.0,231,63835.870533
1990.0,244,63839.692585
2371.0,262,63846.359034
2755.0,480,63854.352349
2233.0,248,63860.301153
4024.0,571,64037.57378
1446.0,174,64040.790678
1868.0,224,64046.595167
1871.0,249,64050.884486
2932.0,375,64059.094358
1458.0,220,64065.291754
1600.0,222,64070.879374
2184.0,296,64078.112218
2333.0,278,64082.432481
1604.0,236,64253.313063
1891.0,194,64256.288021
1830.0,238,64260.377159
2365.0,264,64266.663918
2805.0,353,64276.79683
2606.0,302,64281.790562
2436.0,314,64289.385096
2918.0,323,64294.697752
2009.0,216,64300.424742
1880.0,227,64479.269251
1495.0,160,64484.273096
2208.0,238,64488.040771
3473.0,353,64495.917564
1581.0,216,64499.292936
2007.0,290,64506.081203
2067.0,228,64509.580837
1474.0,205,64515.434633
1989.0,294,64520.159222
2230.0,268,64527.037552
2549.0,306,64551.25067
2791.0,279,64558.053113
1585.0,173,64560.872933
1608.0,174,64563.938119
2120.0,251,64569.931988
2455.0,267,64574.632438
2409.0,283,64581.199699
2216.0,278,64588.184811
1760.0,296,64592.90078
3232.0,416,64620.309688
2911.0,313,64628.232059
3730.0,453,64635.728405
1860.0,230,64641.598709
1971.0,254,64645.652538
2622.0,287,64653.88076
2252.0,248,64658.275301
3097.0,412,64667.227453
1732.0,230,64886.682815
1589.0,183,64888.720946
2822.0,316,64893.306379
2591.0,273,64895.556005
2609.0,338,64900.741122
2932.0,317,64904.795528
2357.0,324,64907.399231
2213.0,259,64910.836898
2588.0,334,64913.473189
2606.0,377,65000.180414
2723.0,295,65004.375736
1588.0,174,65005.724482
2216.0,265,65007.838949
3756.0,461,65014.046465
2173.0,278,65017.957215
3357.0,376,65022.517127
3020.0,437,65032.757868
2027.0,234,65036.063599
2334.0,302,65039.851563
2534.0,289,65042.100798
2929.0,365,65046.419883
1588.0,222,65048.256858
2179.0,312,65052.309822
2428.0,281,65054.607197
2516.0,274,65058.358229
1817.0,235,65067.800043
3469.0,353,65072.498238
2800.0,333,65076.511696
2019.0,265,65078.688523
4306.0,657,65087.752213
1507.0,166,65089.050903
2273.0,272,65091.207546
2535.0,316,65095.929796
2617.0,353,65108.579596
2410.0,261,65110.659165
1824.0,193,65113.676009
3380.0,501,65119.245775
1133.0,142,65120.450876
2030.0,243,65123.565849
3938.0,553,65129.707436
2114.0,228,65132.90442
2251.0,256,65141.186087
1530.0,203,65144.436124
2386.0,257,65147.517582
2602.0,317,65151.636125
1578.0,182,65153.249634
2034.0,260,65156.859381
1826.0,213,65158.643722
1813.0,179,65160.085889
5029.0,1028,65181.790177
1464.0,171,65184.179866
3037.0,361,65188.89066
1842.0,206,65190.595145
1515.0,202,65192.227275
2584.0,305,65196.024859
2405.0,284,65198.372529
1842.0,241,65201.859575
2067.0,272,65204.122984
2388.0,285,65216.098944
2458.0,278,65220.52568
1574.0,189,65222.112392
2807.0,332,65226.394268
2350.0,342,65229.305651
1943.0,233,65232.571649
2358.0,270,65235.732066
2390.0,255,65239.318373
2599.0,284,65241.514026
3196.0,373,65353.453641
1939.0,240,65358.302655
3575.0,443,65361.65839
2907.0,306,65365.723002
1720.0,191,65367.593121
3089.0,317,65371.878786
2375.0,266,65375.200333
2507.0,310,65379.131865
1809.0,183,65380.67505
1460.0,171,65389.317606
2003.0,229,65391.654141
3483.0,440,65396.857722
2559.0,296,65400.696914
1471.0,179,65402.136922
2106.0,225,65404.940522
1570.0,201,65408.038361
2033.0,241,65410.019236
1668.0,194,65413.065698
2905.0,323,65415.746092
2375.0,263,65661.199791
1850.0,221,65662.955103
2589.0,290,65666.788325
2401.0,263,65669.065423
1532.0,196,65672.158829
1910.0,250,65675.118337
1819.0,279,65678.81676
2864.0,404,65683.594676
1498.0,187,65685.17048
2566.0,316,65697.347765
1592.0,236,65699.285792
1731.0,197,65700.845769
3531.0,403,65705.436639
5603.0,696,65715.092895
2618.0,333,65717.983685
1631.0,220,65721.192248
2970.0,350,65730.340648
1470.0,189,65733.499171
1815.0,256,65735.6071
2685.0,328,65739.587019
1502.0,169,65740.982054
2963.0,363,65745.273982
2345.0,250,65747.33443
2048.0,221,65750.651309
2535.0,342,65753.61811
1997.0,256,65757.057519
2891.0,329,65769.033153
2378.0,286,65772.534348
1483.0,182,65774.112499
2374.0,245,65777.456941
2035.0,231,65779.297757
4481.0,705,65789.392929
1467.0,216,65791.271626
2953.0,304,65795.314957
2834.0,394,65807.537199
1725.0,184,65810.023179
2350.0,250,65812.085737
1816.0,184,65814.946244
3634.0,412,65819.714794
2010.0,222,65821.569991
2899.0,314,65825.686823
2385.0,260,65827.852443
1815.0,258,65831.417737
5183.0,772,65852.874979
1999.0,249,65856.34542
2000.0,210,65858.037472
2939.0,331,65861.90554
2807.0,304,65864.270116
2071.0,271,65867.754464
1827.0,240,65869.652561
1524.0,213,65872.794758
2804.0,356,65967.477489
2912.0,338,65971.622113
2910.0,309,65975.517396
2243.0,291,65978.046898
2423.0,289,65981.835778
1652.0,231,65983.674613
1990.0,248,65987.236892
2708.0,345,65991.080188
2847.0,324,66000.60734
3142.0,430,66006.021394
2015.0,231,66007.828518
3061.0,339,66012.789718
2296.0,279,66017.604755
2766.0,312,66020.147066
4125.0,796,66037.467734
2528.0,318,66040.642816
2552.0,263,66044.201213
2205.0,271,66046.343989
2507.0,353,66051.358401
2087.0,237,66054.701598
3852.0,600,66064.318215
2517.0,319,66068.082648
2331.0,319,66080.472857
1847.0,224,66083.151129
2187.0,264,66086.93744
3078.0,329,66090.954548
1577.0,207,66092.659268
3358.0,372,66097.128444
4605.0,658,66105.62125
2751.0,372,66191.159912
1450.0,192,66192.683431
2732.0,402,66197.386456
2381.0,279,66200.872502
1975.0,226,66204.264352
2670.0,299,66206.800115
1877.0,265,66211.184073
2387.0,276,66213.451049
2545.0,313,66218.449485
4336.0,703,66293.358021
2884.0,363,66297.944836
1492.0,166,66299.42313
2002.0,254,66302.973523
2348.0,262,66305.044956
1696.0,203,66308.114521
3808.0,495,66313.561396
2316.0,253,66324.869885
2172.0,261,66328.618511
1479.0,179,66330.042647
6000.0,977,66344.470478
2405.0,284,66348.453398
4423.0,1109,66374.527464
3140.0,368,66378.769333
2689.0,306,66381.280927
2736.0,324,66385.334682
1735.0,199,66387.025395
2815.0,300,66390.765439
2679.0,380,66395.169677
1671.0,185,66662.460318
2562.0,273,66667.383594
3635.0,367,66672.951897
2620.0,305,66676.928102
3513.0,412,66681.527007
4121.0,653,66688.517003
3273.0,426,66693.405379
3647.0,478,66705.109607
1838.0,205,66706.681373
3870.0,524,66713.325052
1709.0,197,66714.884858
1915.0,369,66719.646044
4167.0,841,66738.583202
1659.0,186,66740.414202
2239.0,250,66744.433338
2400.0,326,66748.135265
1946.0,221,66751.386708
2014.0,233,66753.288916
1877.0,212,66756.480132
2801.0,374,66759.527076
2360.0,249,66762.956255
2879.0,371,66767.052848
2392.0,269,66847.962211
3876.0,439,66852.732618
3813.0,655,66860.219358
2850.0,454,66865.597957
2104.0,293,66869.45261
2627.0,281,66872.547882
5515.0,1076,66892.747354
2974.0,385,66897.519627
1853.0,217,66899.432079
2795.0,295,66903.445982
2384.0,282,66907.318191
2670.0,355,66910.201555
4490.0,615,66928.952823
2495.0,345,66936.624105
4361.0,731,66955.017385
2580.0,275,66959.339292
5207.0,706,66977.005436
1660.0,192,66980.090397
2800.0,342,66982.711008
3392.0,438,66987.609223
1642.0,215,66990.635373
3294.0,503,66995.930928
1702.0,233,66997.86476
3851.0,536,67012.1785
2211.0,270,67018.456518
2888.0,310,67023.465631
2645.0,351,67031.101654
3830.0,456,67040.140018
3857.0,551,67053.22167
2379.0,265,67060.015529
2498.0,346,67080.924628
3265.0,425,67089.669561
3478.0,365,67097.790086
1820.0,208,67101.036337
2420.0,326,67108.223437
3488.0,454,67118.020811
3613.0,602,67145.334933
1601.0,196,67148.219346
2016.0,212,67153.647808
2868.0,385,67161.953491
3367.0,508,67173.885559
2308.0,279,67180.34014
1817.0,221,67184.052242
1565.0,197,67190.79215
2212.0,247,67195.041258
2370.0,287,67338.385319
1588.0,193,67341.622201
5297.0,982,67363.328485
4922.0,584,67374.579672
2891.0,327,67381.928637
3468.0,426,67529.15889
3419.0,440,67538.78064
3446.0,416,67547.478216
4202.0,572,67560.597583
2833.0,433,67567.746011
2736.0,377,67577.694731
2888.0,423,67601.865247
4112.0,507,67612.022871
3560.0,473,67625.194962
1642.0,232,67629.21323
2064.0,267,67635.583027
2805.0,350,67641.709295
2204.0,280,67647.88555
1942.0,219,67926.89125
4603.0,719,67944.590784
2609.0,327,67952.392402
2932.0,358,67958.058843
2626.0,358,67965.963183
2424.0,292,67971.171802
3628.0,462,68133.481443
2178.0,251,68139.716022
1820.0,269,68144.496172
2522.0,264,68153.222198
2748.0,360,68161.363702
2227.0,273,68165.912448
1568.0,192,68171.139034
1490.0,173,68173.91821
1556.0,188,68179.188648
1890.0,217,68185.045393
2502.0,303,68330.247966
2739.0,305,68336.106409
3870.0,621,68343.523349
4109.0,633,68353.6161
1713.0,195,68358.696004
2630.0,283,68362.760097
3116.0,355,68370.288328
1477.0,171,68515.165766
4363.0,685,68532.596447
3851.0,500,68544.506564
2960.0,347,68550.238773
3611.0,515,68564.424747
1861.0,201,68569.829242
4972.0,873,68603.611946
2199.0,253,68609.930111
4039.0,587,68621.687903
3188.0,338,68629.25326
1443.0,154,68631.820164
2388.0,308,68639.228761
1551.0,187,68665.664187
3927.0,511,68675.380424
2482.0,268,68680.893402
3081.0,368,68689.068481
1602.0,188,68694.075904
2087.0,225,68695.922643
3934.0,579,68702.779291
1814.0,188,68705.904497
2231.0,251,68860.538261
2439.0,307,68868.536166
3154.0,367,68874.281173
2110.0,246,68880.441637
1707.0,208,68885.989872
2375.0,249,68892.816974
1664.0,206,68898.107153
4908.0,1289,69092.107335
3872.0,571,69106.364707
2958.0,399,69112.442019
1730.0,191,69117.475865
2419.0,293,69122.922995
2374.0,271,69131.108384
2886.0,342,69525.386493
2007.0,231,69529.193634
2595.0,314,69537.138705
2690.0,305,69542.286339
2105.0,254,69548.875603
3071.0,360,69554.60314
1465.0,193,69560.035337
2677.0,364,69569.447708
3717.0,587,69597.245254
2488.0,272,69601.302335
2598.0,391,69609.464378
2856.0,371,69619.097464
1569.0,179,69621.867535
1838.0,217,69625.725767
1714.0,180,69630.689353
2499.0,335,69636.161018
2689.0,316,69642.923046
3799.0,497,69666.5285
3113.0,360,69678.116733
3053.0,345,69683.592815
1858.0,208,69688.993323
3500.0,517,69699.642359
4069.0,618,69862.371954
1659.0,199,69865.91699
3389.0,413,69874.623716
1936.0,224,69880.228539
1478.0,181,69883.064423
1595.0,209,69886.382417
1927.0,230,69892.241536
2515.0,361,69900.453862
2813.0,294,69905.202597
2978.0,422,69931.053881
1874.0,205,69934.984808
2959.0,326,69944.599751
4594.0,660,69960.892188
2754.0,325,69968.369731
1847.0,200,69972.005335
1842.0,239,69978.006607
4741.0,722,70308.832657
2369.0,300,70315.410629
2925.0,340,70325.018915
2028.0,239,70328.782452
2554.0,298,70335.391759
2704.0,287,70339.932033
2872.0,334,70347.516088
2094.0,241,70351.39601
2544.0,280,70375.301037
2837.0,485,70386.300179
2691.0,348,70394.413861
2947.0,414,70408.324292
2441.0,274,70415.322499
5030.0,861,70434.504955
2436.0,265,70599.908942
3388.0,464,70610.23563
3382.0,448,70624.063738
2942.0,319,70629.866722
2655.0,394,70638.320687
3006.0,348,70646.229299
3814.0,501,70672.712442
1849.0,244,70676.753547
3319.0,389,70687.567455
4233.0,846,70710.536926
2122.0,305,70715.396147
3022.0,361,70725.49481
1724.0,201,70889.775195
2598.0,287,70898.590853
2452.0,251,70905.30872
2213.0,272,70911.951103
2887.0,338,70919.571702
2508.0,309,70924.622005
1877.0,200,70930.512859
2096.0,243,70934.325513
2395.0,255,70940.954678
1860.0,196,70945.917077
2809.0,312,71073.639257
2706.0,301,71078.381848
2802.0,331,71085.951068
2867.0,393,71093.905033
1519.0,181,71096.478604
2433.0,283,71102.467332
2758.0,329,71109.425055
3075.0,317,71116.459759
3044.0,373,71134.785091
2082.0,298,71141.070473
2174.0,315,71147.965271
2816.0,311,71152.435284
2382.0,272,71160.177887
2525.0,314,71164.96486
1850.0,221,71170.22216
2291.0,246,71175.707925
1580.0,191,71181.373007
5196.0,829,71214.027654
2201.0,252,71219.822815
2458.0,319,71224.01369
1485.0,197,71227.299501
1469.0,169,71228.810625
1470.0,236,71232.433472
1551.0,182,71234.003658
3200.0,391,71240.506739
2089.0,249,71257.556463
2763.0,373,71262.728537
2647.0,308,71266.70216
3548.0,483,71272.053367
5519.0,1202,71367.878086
2507.0,337,71371.580272
2144.0,250,71375.252354
2094.0,268,71378.867049
2192.0,266,71381.110437
2380.0,255,71384.75776
3366.0,378,71387.972505
2788.0,355,71393.518701
4162.0,514,71482.157964
2315.0,242,71485.826271
1845.0,205,71489.08383
2060.0,244,71491.143443
1995.0,241,71494.816043
2565.0,294,71497.584017
2568.0,302,71502.755045
2609.0,315,71506.906886
2499.0,310,71509.36189
2041.0,213,71519.217585
3786.0,540,71525.001346
2315.0,246,71527.119969
2778.0,400,71533.154973
2368.0,274,71535.710176
2019.0,226,71539.199735
2507.0,328,71543.500035
3140.0,382,71546.662823
2866.0,320,71635.972385
2492.0,275,71639.634591
2565.0,457,71645.109414
3742.0,479,71651.506789
3149.0,558,71657.650565
2471.0,291,71661.457902
1458.0,161,71662.744518
3051.0,340,71833.479431
3006.0,342,71837.793532
1456.0,151,71839.070466
2727.0,379,71843.721765
2994.0,378,71846.830518
2728.0,373,71851.214766
2698.0,278,71854.958447
2370.0,282,71949.353377
3386.0,408,71954.83881
2539.0,278,71957.38015
2946.0,593,71965.283379
3073.0,348,71968.077216
1659.0,190,71971.179339
4652.0,624,71978.848133
1817.0,228,71992.431664
3072.0,418,71999.068062
2041.0,215,72002.778984
1864.0,199,72005.359056
1452.0,150,72006.648209
1896.0,254,72010.315479
2281.0,268,72012.473098
1997.0,233,72016.613432
2535.0,294,72019.032217
2852.0,317,72031.41555
2136.0,284,72035.751561
3000.0,313,72038.639804
3253.0,491,72045.638997
3833.0,582,72053.10987
2499.0,324,72057.460863
2611.0,304,72059.980795
1578.0,174,72062.830055
2853.0,420,72077.579534
2770.0,335,72080.498921
4174.0,573,72088.314424
2356.0,264,72091.903446
2591.0,388,72096.562958
1942.0,274,72098.890269
5373.0,740,72118.429644
1944.0,257,72121.533516
3736.0,459,72127.327483
2908.0,359,72131.773329
4663.0,652,72141.570885
2837.0,453,72238.764559
2959.0,322,72243.505754
2267.0,265,72246.655673
3674.0,571,72255.694391
2957.0,372,72260.59614
3117.0,375,72265.445112
1566.0,204,72267.273222
2583.0,289,72355.766534
3018.0,418,72360.52155
1822.0,217,72364.08526
2624.0,310,72366.692178
4368.0,648,72375.875248
2069.0,288,72378.217345
2161.0,307,72383.138967
2249.0,259,72563.570649
2994.0,327,72567.84515
2883.0,330,72573.124012
2445.0,269,72575.411876
5173.0,905,72587.152862
2715.0,308,72591.468219
2342.0,284,72594.975452
1873.0,223,72851.732483
4567.0,638,72860.591089
2929.0,364,72864.587588
2005.0,264,72868.257701
2379.0,247,72870.268501
2153.0,256,72874.082909
3103.0,391,72880.206573
3542.0,489,72971.190994
3202.0,404,72975.011107
2655.0,289,72978.842738
2258.0,293,72982.644811
2919.0,323,72986.234842
1925.0,222,72989.517132
2567.0,299,72991.927849
2510.0,382,73080.563223
2038.0,214,73084.152527
2354.0,258,73087.947649
1815.0,223,73089.804261
1829.0,215,73093.027969
3310.0,449,73099.368541
3596.0,411,73103.233985
2104.0,240,73106.857298
4036.0,627,73123.427816
2416.0,287,73127.724052
2564.0,286,73130.105635
2387.0,253,73134.672497
3668.0,441,73139.775841
1749.0,195,73141.566143
